City_ID,City,Country,Date,Lat,Lng,Max Temp,Humidity,Cloudiness,Wind Speed
0,Arraial Do Cabo,BR,2022-08-17 15:13:52,-22.9661,-42.0278,300.07,54,0,5.14
1,Ushuaia,AR,2022-08-17 15:11:30,-54.8,-68.3,275.96,81,75,2.06
2,Jamestown,US,2022-08-17 15:10:58,42.097,-79.2353,294.95,68,40,2.06
3,Senanga,ZM,2022-08-17 15:13:53,-16.1167,23.2667,304.93,10,0,2.22
4,Bunia,CD,2022-08-17 15:13:54,1.5667,30.25,292.71,91,100,2.58
5,Busselton,AU,2022-08-17 15:13:12,-33.65,115.3333,282.52,64,45,3.36
6,Bay City,US,2022-08-17 15:13:55,43.5945,-83.8889,298.33,68,0,1.54
7,Ilulissat,GL,2022-08-17 15:13:56,69.2167,-51.1,278.16,100,100,4.63
8,Bengkulu,ID,2022-08-17 15:13:57,-3.8004,102.2655,298.39,90,28,3.59
9,Bredasdorp,ZA,2022-08-17 15:13:57,-34.5322,20.0403,287.78,76,23,7.89
10,Lima,PE,2022-08-17 15:13:58,-12.0432,-77.0282,289.21,85,100,2.06
11,Chimbote,PE,2022-08-17 15:10:30,-9.0853,-78.5783,291.01,74,89,3.42
12,East London,ZA,2022-08-17 15:13:59,-33.0153,27.9116,292.65,51,15,6.54
13,Torbay,CA,2022-08-17 15:13:59,47.6666,-52.7314,291.08,92,100,7.2
14,Mogadishu,SO,2022-08-17 15:14:00,2.0371,45.3438,297.87,84,83,7.28
15,Hithadhoo,MV,2022-08-17 15:14:01,-0.6,73.0833,301.08,75,91,5.8
16,Chuy,UY,2022-08-17 15:14:01,-33.6971,-53.4616,288.82,76,37,5.07
17,Georgetown,MY,2022-08-17 15:11:27,5.4112,100.3354,302.53,81,20,0.0
18,Qaqortoq,GL,2022-08-17 15:14:02,60.7167,-46.0333,280.8,75,4,2.29
19,Manacapuru,BR,2022-08-17 15:09:31,-3.2997,-60.6206,305.63,50,13,1.04
20,Tornio,FI,2022-08-17 15:14:04,65.8481,24.1466,297.16,91,79,6.77
21,Parrita,CR,2022-08-17 15:14:04,9.5201,-84.3225,301.66,72,29,1.5
22,Guerande,FR,2022-08-17 15:14:05,47.3291,-2.4283,294.83,76,85,4.07
23,Riachao,BR,2022-08-17 15:14:05,-7.3619,-46.6172,306.87,25,5,4.36
24,Bera,BD,2022-08-17 15:14:06,24.0833,89.6167,305.23,62,98,2.08
25,Paveh,IR,2022-08-17 15:14:07,35.0434,46.3565,306.99,11,79,3.76
26,Swidnik,PL,2022-08-17 15:14:07,51.219,22.6962,298.54,69,20,2.57
27,Rio Amarillo,HN,2022-08-17 15:14:08,14.9757,-89.1296,294.45,96,82,0.9
28,Waddan,LY,2022-08-17 15:14:09,29.1614,16.139,313.17,13,0,6.03
29,Hermanus,ZA,2022-08-17 15:14:09,-34.4187,19.2345,286.93,85,68,8.55
30,Mahibadhoo,MV,2022-08-17 15:14:10,3.7833,72.9667,301.07,71,96,2.42
31,Mar Del Plata,AR,2022-08-17 15:13:12,-38.0023,-57.5575,284.23,76,75,6.17
32,Port Elizabeth,ZA,2022-08-17 15:14:11,-33.918,25.5701,292.77,45,2,3.58
33,Nanortalik,GL,2022-08-17 15:14:12,60.1432,-45.2371,278.86,84,59,7.1
34,Clyde River,CA,2022-08-17 15:14:12,70.4692,-68.5914,279.04,75,93,0.45
35,Saldanha,ZA,2022-08-17 15:14:13,-33.0117,17.9442,287.36,82,12,6.73
36,Lucenec,SK,2022-08-17 15:14:14,48.3325,19.6671,306.55,27,44,0.49
37,Shelburne,CA,2022-08-17 15:14:14,44.0787,-80.2041,296.9,65,97,2.93
38,Ribeira Grande,PT,2022-08-17 15:14:15,38.5167,-28.7,296.37,68,75,6.17
39,Qasigiannguit,GL,2022-08-17 15:14:16,68.8193,-51.1922,278.29,97,100,3.0
40,Fort Payne,US,2022-08-17 15:14:16,34.4442,-85.7197,299.66,52,0,2.06
41,Mattru,SL,2022-08-17 15:14:17,7.6244,-11.8332,295.78,97,100,1.94
42,Narsaq,GL,2022-08-17 15:14:17,60.9167,-46.05,284.27,68,5,1.9
43,Tonstad,NO,2022-08-17 15:14:18,58.6626,6.7169,291.78,63,78,3.53
44,Nizwa,OM,2022-08-17 15:14:19,22.9333,57.5333,307.09,37,100,1.0
45,Morondava,MG,2022-08-17 15:14:19,-20.2833,44.2833,296.97,68,0,7.74
46,Abdulino,RU,2022-08-17 15:14:20,53.7,53.6667,296.06,46,8,3.03
47,Port-Gentil,GA,2022-08-17 15:15:22,-0.7193,8.7815,299.13,73,75,4.12
48,Longyearbyen,SJ,2022-08-17 15:15:22,78.2186,15.6401,281.06,81,75,2.57
49,Cidreira,BR,2022-08-17 15:15:23,-30.1811,-50.2056,290.31,84,20,5.07
50,Santa Isabel Do Rio Negro,BR,2022-08-17 15:15:23,-0.4139,-65.0192,304.65,59,9,1.21
51,San Carlos,VE,2022-08-17 15:15:24,9.6612,-68.5827,303.84,57,57,1.65
52,Sechura,PE,2022-08-17 15:15:25,-5.5569,-80.8222,293.44,66,38,3.41
53,Codrington,AU,2022-08-17 15:15:26,-38.2667,141.9667,285.99,67,100,7.54
54,Shieli,KZ,2022-08-17 15:15:26,44.1667,66.75,300.17,19,0,5.49
55,Jumla,NP,2022-08-17 15:15:27,29.2747,82.1838,291.03,96,73,0.73
56,Namanga,KE,2022-08-17 15:15:28,-2.5433,36.7905,295.68,42,100,4.42
57,Brody,UA,2022-08-17 15:15:28,50.0879,25.1503,295.72,72,86,2.98
58,Alghero,IT,2022-08-17 15:15:29,40.5589,8.3181,307.2,59,0,8.75
59,Riyadh,SA,2022-08-17 15:12:12,24.6877,46.7219,314.23,7,99,5.73
60,Grindavik,IS,2022-08-17 15:15:30,63.8424,-22.4338,285.41,87,75,8.23
61,Barentu,ER,2022-08-17 15:15:31,15.1139,37.5928,300.43,60,65,4.03
62,Sete,FR,2022-08-17 15:15:32,43.4018,3.6966,300.07,70,89,0.74
63,Salvador,SV,2022-08-17 15:15:33,13.8333,-88.9167,296.37,89,84,0.37
64,Spasskoye,RU,2022-08-17 15:15:33,44.6108,132.7969,290.64,81,0,2.82
65,Victoria,HK,2022-08-17 15:13:16,22.2855,114.1577,301.66,88,25,3.58
66,Cape Town,ZA,2022-08-17 15:12:05,-33.9258,18.4232,288.36,85,40,4.92
67,Potiskum,NG,2022-08-17 15:15:35,11.7091,11.0694,301.84,61,96,2.9
68,Castro,BR,2022-08-17 15:15:36,-24.7911,-50.0119,288.73,96,100,4.65
69,Mahebourg,MU,2022-08-17 15:15:37,-20.4081,57.7,294.4,83,20,1.54
70,Mafeteng,LS,2022-08-17 15:15:37,-29.823,27.2374,289.74,19,100,5.41
71,Ponta Delgada,PT,2022-08-17 15:15:38,37.7333,-25.6667,297.55,53,20,6.17
72,Lasa,IT,2022-08-17 15:15:39,46.6166,10.7002,299.65,65,100,2.75
73,Port Alfred,ZA,2022-08-17 15:15:39,-33.5906,26.891,291.03,59,0,0.89
74,Lagoa,PT,2022-08-17 15:15:40,39.05,-27.9833,294.72,62,33,4.24
75,Zemio,CF,2022-08-17 15:15:40,5.0314,25.1361,298.41,82,100,1.08
76,Ereymentau,KZ,2022-08-17 15:15:41,51.6199,73.1033,285.87,53,100,1.62
77,Unai,BR,2022-08-17 15:15:42,-16.3575,-46.9061,304.41,23,7,3.87
78,Laguna,US,2022-08-17 15:15:42,38.421,-121.4238,303.75,45,0,2.57
79,Upington,ZA,2022-08-17 15:15:43,-28.4478,21.2561,297.36,12,0,4.63
80,Qaanaaq,GL,2022-08-17 15:15:43,77.484,-69.3632,278.15,63,67,0.74
81,Chateauroux,FR,2022-08-17 15:15:44,46.8167,1.7,299.15,47,75,4.63
82,Varadero,CU,2022-08-17 15:15:45,23.1536,-81.2514,304.57,70,96,0.69
83,Buraydah,SA,2022-08-17 15:14:56,26.326,43.975,316.4,7,100,6.66
84,Vila Velha,BR,2022-08-17 15:15:46,-20.3297,-40.2925,299.12,67,40,8.23
85,Kilindoni,TZ,2022-08-17 15:15:46,-7.9139,39.6668,297.59,75,2,5.29
86,Strathpeffer,GB,2022-08-17 15:15:47,57.588,-4.5382,288.77,67,91,1.75
87,Tessalit,ML,2022-08-17 15:15:47,20.1986,1.0114,311.2,21,60,4.46
88,Zonguldak,TR,2022-08-17 15:15:48,41.25,31.8333,299.48,44,0,2.11
89,Montlucon,FR,2022-08-17 15:15:49,46.3333,2.6,296.87,64,82,2.44
90,Iqaluit,CA,2022-08-17 15:15:49,63.7506,-68.5145,278.0,93,100,1.54
91,Teguise,ES,2022-08-17 15:15:50,29.0605,-13.564,299.27,51,40,12.35
92,Sakakah,SA,2022-08-17 15:16:50,29.9697,40.2064,316.91,11,3,0.96
93,Luderitz,NA,2022-08-17 15:16:51,-26.6481,15.1594,289.09,69,3,4.17
94,Upernavik,GL,2022-08-17 15:16:52,72.7868,-56.1549,278.66,86,100,1.64
95,Punta Arenas,CL,2022-08-17 15:16:52,-53.15,-70.9167,276.21,75,0,5.66
96,Tahoua,NE,2022-08-17 15:16:53,14.8888,5.2692,302.14,65,75,2.06
97,Mahanoro,MG,2022-08-17 15:16:53,-19.9,48.8,294.04,84,0,1.7
98,Mbinga,TZ,2022-08-17 15:16:54,-10.9333,35.0167,293.1,53,50,1.96
99,Saint-Augustin,CA,2022-08-17 15:16:55,51.226,-58.6502,296.44,48,10,3.27
100,Camocim,BR,2022-08-17 15:16:55,-2.9022,-40.8411,305.99,41,2,3.45
101,Capreol,CA,2022-08-17 15:16:56,46.706,-80.9225,296.41,60,0,3.09
102,Cartagena,CO,2022-08-17 15:13:39,10.3997,-75.5144,304.94,70,20,1.54
103,Plettenberg Bay,ZA,2022-08-17 15:16:57,-34.0527,23.3716,289.81,66,64,6.75
104,Sompeta,IN,2022-08-17 15:16:58,18.9333,84.6,302.23,79,96,3.62
105,Sortavala,RU,2022-08-17 15:16:58,61.7053,30.6918,293.42,81,82,3.68
106,Pisco,PE,2022-08-17 15:16:59,-13.7,-76.2167,290.18,72,100,2.06
107,Olafsvik,IS,2022-08-17 15:16:59,64.8945,-23.7142,282.73,85,100,13.94
108,Kalanwali,IN,2022-08-17 15:17:00,29.85,74.95,302.59,68,96,2.93
109,Paratinga,BR,2022-08-17 15:17:01,-12.6906,-43.1842,304.79,28,0,2.26
110,San Cristobal,VE,2022-08-17 15:17:01,7.7669,-72.225,299.25,44,1,3.51
111,Anapolis,BR,2022-08-17 15:17:02,-16.3267,-48.9528,303.41,28,0,3.09
112,Caraz,PE,2022-08-17 15:17:03,-9.0486,-77.81,294.72,39,29,2.17
113,Comodoro Rivadavia,AR,2022-08-17 15:15:01,-45.8667,-67.5,280.07,49,20,7.2
114,Tarnobrzeg,PL,2022-08-17 15:17:04,50.573,21.6794,302.73,54,33,3.33
115,Aripuana,BR,2022-08-17 15:17:04,-9.1667,-60.6333,307.57,38,1,1.74
116,Adjumani,UG,2022-08-17 15:17:05,3.3779,31.7909,296.85,87,100,0.9
117,Trairi,BR,2022-08-17 15:15:13,-3.2778,-39.2689,304.26,41,19,7.48
118,Poli,TZ,2022-08-17 15:17:07,-3.3333,36.8,292.96,41,97,3.89
119,Pangody,RU,2022-08-17 15:17:08,65.85,74.4859,280.54,93,95,5.16
120,Tete,MZ,2022-08-17 15:17:08,-16.1564,33.5867,304.2,37,20,3.6
121,Cockburn Town,TC,2022-08-17 15:14:54,21.4612,-71.1419,303.13,70,40,5.14
122,Bedesa,ET,2022-08-17 15:17:10,8.9,40.7833,294.14,68,58,4.34
123,Ponta Do Sol,PT,2022-08-17 15:17:10,32.6667,-17.1,297.04,70,22,2.57
124,Cividale Del Friuli,IT,2022-08-17 15:17:11,46.0931,13.4275,305.57,51,53,2.9
125,Alvorada,BR,2022-08-17 15:12:24,-12.48,-49.1247,307.86,19,5,3.61
126,Korla,CN,2022-08-17 15:17:12,41.7597,86.1469,293.18,64,2,4.87
127,Ust-Kan,RU,2022-08-17 15:17:13,50.9276,84.761,279.42,65,99,2.15
128,Izhma,RU,2022-08-17 15:17:13,65.0083,53.9113,289.61,58,100,1.77
129,Kasongo-Lunda,CD,2022-08-17 15:17:14,-6.4667,16.8167,307.97,23,42,2.47
130,Skibbereen,IE,2022-08-17 15:17:15,51.55,-9.2667,289.88,54,92,5.42
131,South Bend,US,2022-08-17 15:14:08,41.6834,-86.25,297.32,72,0,2.57
132,Taltal,CL,2022-08-17 15:17:16,-25.4,-70.4833,287.63,75,15,1.18
133,Margate,GB,2022-08-17 15:17:17,51.3813,1.3862,294.65,82,100,1.34
134,Alpatovo,RU,2022-08-17 15:17:17,43.7028,45.2415,310.61,24,0,3.64
135,Souillac,MU,2022-08-17 15:17:18,-20.5167,57.5167,294.36,83,20,1.54
136,Maturin,VE,2022-08-17 15:17:19,9.75,-63.1767,304.6,53,18,3.45
137,Roald,NO,2022-08-17 15:17:19,62.5833,6.1333,286.99,76,75,7.2
138,Tabory,RU,2022-08-17 15:17:20,58.5198,64.5495,281.96,87,96,2.17
139,Maldonado,UY,2022-08-17 15:13:25,-34.6667,-54.9167,289.39,57,100,4.67
140,Tasiilaq,GL,2022-08-17 15:18:21,65.6145,-37.6368,284.24,77,100,2.54
141,Kongolo,CD,2022-08-17 15:18:22,-5.3833,27.0,305.3,31,33,2.66
142,Maxixe,MZ,2022-08-17 15:18:22,-23.8597,35.3472,294.99,69,3,7.71
143,Knysna,ZA,2022-08-17 15:18:23,-34.0363,23.0471,290.0,67,54,6.15
144,Yanaul,RU,2022-08-17 15:18:24,56.2719,54.9309,292.99,54,9,2.93
145,Lebu,CL,2022-08-17 15:18:24,-37.6167,-73.65,281.93,73,100,5.0
146,Beloha,MG,2022-08-17 15:18:25,-25.1667,45.05,293.58,63,2,5.01
147,Ostrovnoy,RU,2022-08-17 15:18:25,68.0531,39.5131,296.14,66,84,7.41
148,Mumbwa,ZM,2022-08-17 15:18:26,-14.9783,27.0619,301.04,16,3,3.02
149,Rovereto,IT,2022-08-17 15:18:27,45.8896,11.0387,305.83,43,98,3.13
150,Balkhash,KZ,2022-08-17 15:18:27,46.844,74.9804,293.94,39,0,4.1
151,Tazovskiy,RU,2022-08-17 15:18:28,67.4667,78.7,285.52,70,92,5.0
152,The Valley,AI,2022-08-17 15:18:29,18.217,-63.0578,303.23,74,20,4.63
153,Requena,ES,2022-08-17 15:18:29,39.4883,-1.1004,303.13,14,0,6.78
154,Morbegno,IT,2022-08-17 15:18:30,46.1383,9.57,303.37,60,100,2.53
155,Bom Jesus,BR,2022-08-17 15:15:48,-9.0744,-44.3586,307.18,24,2,4.42
156,Shetpe,KZ,2022-08-17 15:18:31,44.1667,52.1167,309.16,13,0,5.36
157,Arcachon,FR,2022-08-17 15:18:32,44.5875,-1.0519,297.18,57,40,4.63
158,Le Port,RE,2022-08-17 15:18:32,-20.9373,55.2919,295.15,73,13,1.79
159,Nouakchott,MR,2022-08-17 15:18:33,18.0858,-15.9785,304.11,74,14,7.58
160,Dubai,AE,2022-08-17 15:13:57,25.2582,55.3047,307.28,60,63,2.68
161,Mitsamiouli,KM,2022-08-17 15:18:34,-11.3847,43.2844,297.46,78,68,2.88
162,Sao Joao Da Barra,BR,2022-08-17 15:18:35,-21.6403,-41.0511,301.2,62,2,9.73
163,Gainesville,US,2022-08-17 15:16:14,29.6516,-82.3248,305.94,69,0,0.45
164,Sao Filipe,CV,2022-08-17 15:18:36,14.8961,-24.4956,299.64,74,84,7.3
165,Vila Franca Do Campo,PT,2022-08-17 15:18:37,37.7167,-25.4333,297.38,61,91,3.69
166,Ambilobe,MG,2022-08-17 15:18:37,-13.2,49.05,297.16,66,23,0.82
167,Ilam,NP,2022-08-17 15:18:38,26.9167,87.9167,295.61,90,31,1.19
168,Monrovia,LR,2022-08-17 15:17:07,6.3005,-10.7969,301.02,74,100,5.92
169,Leh,IN,2022-08-17 15:18:40,34.1667,77.5833,293.72,38,47,2.82
170,Alvdal,NO,2022-08-17 15:18:41,62.1077,10.6307,282.3,91,100,3.82
171,Coutances,FR,2022-08-17 15:18:41,49.05,-1.4333,294.85,70,87,2.21
172,Bambous Virieux,MU,2022-08-17 15:18:42,-20.3428,57.7575,294.38,83,20,1.54
173,Bardiyah,LY,2022-08-17 15:18:42,31.7561,25.0865,301.61,67,0,9.0
174,Kommunisticheskiy,RU,2022-08-17 15:18:43,61.6789,64.4819,282.13,57,94,3.13
175,Sept-Iles,CA,2022-08-17 15:18:44,50.2001,-66.3821,297.44,38,75,6.69
176,Dori,BF,2022-08-17 15:18:44,14.0354,-0.0345,303.08,55,100,4.81
177,Itapaci,BR,2022-08-17 15:18:45,-14.9508,-49.5494,305.94,21,13,3.66
178,Sabaudia,IT,2022-08-17 15:18:46,41.3003,13.0282,309.37,75,2,4.83
179,Bochnia,PL,2022-08-17 15:18:47,49.9691,20.4303,305.03,66,94,2.82
180,Sambava,MG,2022-08-17 15:18:49,-14.2667,50.1667,295.28,82,3,5.39
181,Camiri,BO,2022-08-17 15:15:51,-20.05,-63.5167,302.03,26,1,2.06
182,Jibuti,DJ,2022-08-17 15:19:50,11.5,42.5,308.45,30,14,2.69
183,Paita,PE,2022-08-17 15:19:51,-5.0892,-81.1144,292.55,72,11,4.19
184,Albany,US,2022-08-17 15:14:59,42.6001,-73.9662,296.02,73,100,2.61
185,Taoudenni,ML,2022-08-17 15:19:52,22.6783,-3.9836,316.42,15,27,4.27
186,Batie,BF,2022-08-17 15:19:53,9.8833,-2.9167,301.44,60,96,2.47
187,Dingle,PH,2022-08-17 15:19:53,10.9995,122.6711,298.1,89,100,1.58
188,Barreirinha,BR,2022-08-17 15:19:54,-2.7933,-57.07,308.53,36,17,1.76
189,Dalmatovo,RU,2022-08-17 15:19:54,56.26,62.9362,288.84,44,97,4.55
190,Malanje,AO,2022-08-17 15:19:55,-9.5402,16.341,305.34,17,11,1.71
191,Itarema,BR,2022-08-17 15:19:56,-2.9248,-39.9167,305.01,42,39,7.01
192,Agustin Codazzi,CO,2022-08-17 15:19:56,10.0341,-73.2361,303.94,54,0,1.54
193,Carutapera,BR,2022-08-17 15:19:57,-1.195,-46.02,304.55,53,67,4.52
194,Coquimbo,CL,2022-08-17 15:18:26,-29.9533,-71.3436,287.0,88,75,2.57
195,Ouesso,CG,2022-08-17 15:19:58,1.6136,16.0517,297.2,83,99,1.47
196,Corralillo,CU,2022-08-17 15:20:00,22.9819,-80.5856,303.45,64,98,1.32
197,Mindelo,CV,2022-08-17 15:20:00,16.8901,-24.9804,301.9,58,75,10.8
198,Tutoia,BR,2022-08-17 15:20:01,-2.7619,-42.2744,303.87,46,46,4.0
199,Kavaratti,IN,2022-08-17 15:20:02,10.5669,72.642,300.78,78,86,4.27
200,Kanniyakumari,IN,2022-08-17 15:20:02,8.0833,77.5667,299.6,83,80,8.09
201,Cururupu,BR,2022-08-17 15:20:03,-1.8283,-44.8683,304.3,52,37,3.13
202,Chisinau,MD,2022-08-17 15:20:04,47.0056,28.8575,301.44,68,20,0.51
203,Surovikino,RU,2022-08-17 15:20:05,48.6078,42.8486,309.67,22,10,1.1
204,San Carlos De Bariloche,AR,2022-08-17 15:20:06,-41.1456,-71.3082,276.62,86,75,5.14
205,Atar,MR,2022-08-17 15:20:06,20.5169,-13.0499,313.15,18,61,2.58
206,Marienburg,PL,2022-08-17 15:20:07,54.0359,19.0266,303.08,51,90,4.2
207,Vardo,NO,2022-08-17 15:20:07,70.3705,31.1107,291.11,74,8,8.4
208,Zalesovo,RU,2022-08-17 15:20:08,53.9939,84.7431,281.24,92,89,2.23
209,Lukovetskiy,RU,2022-08-17 15:20:09,64.2956,41.9211,299.58,54,19,1.7
210,Djambala,CG,2022-08-17 15:20:10,-2.5447,14.7533,301.73,40,97,4.14
211,Libreville,GA,2022-08-17 15:20:11,0.3925,9.4537,298.16,88,75,1.54
212,Koutsouras,GR,2022-08-17 15:20:11,35.0339,25.9469,304.88,47,0,2.78
213,Rawson,AR,2022-08-17 15:18:26,-43.3002,-65.1023,280.87,44,57,10.09
214,Urumqi,CN,2022-08-17 15:20:13,43.801,87.6005,294.68,23,0,2.0
215,Humaita,BR,2022-08-17 15:20:13,-7.5061,-63.0208,308.22,39,6,1.97
216,Koboko,UG,2022-08-17 15:20:14,3.4136,30.9599,293.12,91,100,2.12
217,Mende,FR,2022-08-17 15:20:14,44.6667,3.5,290.97,78,32,2.73
218,Kutum,SD,2022-08-17 15:20:15,14.2,24.6667,304.15,34,68,5.5
219,Male,MV,2022-08-17 15:20:16,4.1748,73.5089,300.98,68,98,2.1
220,Goderich,CA,2022-08-17 15:20:16,43.7501,-81.7165,296.99,78,11,2.57
221,Kolokani,ML,2022-08-17 15:20:17,13.5728,-8.0339,300.77,64,95,1.71
222,Saint-Philippe,RE,2022-08-17 15:20:18,-21.3585,55.7679,294.92,74,31,3.05
223,Asyut,EG,2022-08-17 15:20:18,27.181,31.1837,310.04,13,0,7.53
224,Kudahuvadhoo,MV,2022-08-17 15:20:19,2.6708,72.8944,301.43,70,100,2.94
225,San Juan,AR,2022-08-17 15:20:19,-31.5375,-68.5364,284.94,53,76,5.2
226,San Andres,CO,2022-08-17 15:20:20,12.5847,-81.7006,303.16,74,20,2.57
227,Aricestii-Rahtivani,RO,2022-08-17 15:21:21,44.95,25.8333,304.41,61,76,2.0
228,Krasyliv,UA,2022-08-17 15:21:22,49.6519,26.9725,295.65,77,100,2.13
229,Maraba,BR,2022-08-17 15:21:23,-5.3686,-49.1178,309.25,30,0,5.66
230,Belyy Yar,RU,2022-08-17 15:21:24,53.6039,91.3903,286.09,62,0,2.0
231,Grand Gaube,MU,2022-08-17 15:21:24,-20.0064,57.6608,294.47,78,0,1.79
232,Izyum,UA,2022-08-17 15:21:25,49.2088,37.2485,305.53,28,9,2.88
233,Silvania,BR,2022-08-17 15:21:26,-16.6589,-48.6081,303.08,21,7,4.11
234,Subate,LV,2022-08-17 15:21:26,56.0062,25.9076,300.4,50,93,2.28
235,Hofn,IS,2022-08-17 15:21:27,64.2539,-15.2082,282.16,87,100,4.63
236,Axim,GH,2022-08-17 15:21:28,4.8699,-2.2405,300.41,57,8,3.88
237,Qeshm,IR,2022-08-17 15:21:28,26.9581,56.2719,308.09,75,42,3.71
238,Henties Bay,NA,2022-08-17 15:21:29,-22.116,14.2845,287.87,77,4,6.0
239,Chuchkovo,RU,2022-08-17 15:21:29,54.2693,41.4465,299.03,39,100,4.43
240,Senneterre,CA,2022-08-17 15:21:30,48.3835,-77.2328,297.42,45,44,2.03
241,Esmeraldas,BR,2022-08-17 15:21:31,-19.7625,-44.3139,304.21,22,10,3.01
242,Road Town,VG,2022-08-17 15:21:31,18.4167,-64.6167,303.17,79,40,0.0
243,Namibe,AO,2022-08-17 15:21:32,-15.1961,12.1522,291.38,76,28,4.77
244,Pospelikha,RU,2022-08-17 15:21:32,51.95,81.7667,283.71,77,38,3.06
245,Caravelas,BR,2022-08-17 15:21:33,-17.7125,-39.2481,298.18,63,29,4.88
246,Dikson,RU,2022-08-17 15:21:34,73.5069,80.5464,277.62,90,99,7.9
247,Umm Lajj,SA,2022-08-17 15:21:34,25.0213,37.2685,304.55,69,10,3.03
248,Salalah,OM,2022-08-17 15:21:20,17.0151,54.0924,298.2,94,100,2.06
249,Ponnani,IN,2022-08-17 15:21:36,10.767,75.9252,298.77,91,93,2.79
250,Husavik,IS,2022-08-17 15:21:36,66.0449,-17.3389,286.66,48,100,7.16
251,Sault Sainte Marie,CA,2022-08-17 15:21:37,46.5168,-84.3333,297.31,61,0,3.09
252,Wamba,NG,2022-08-17 15:21:37,8.9333,8.6,300.22,74,70,2.57
253,Neftegorsk,RU,2022-08-17 15:21:38,52.802,51.166,299.06,29,100,3.56
254,Ismailia,EG,2022-08-17 15:21:39,30.6043,32.2723,305.19,43,0,5.14
255,Kumluca,TR,2022-08-17 15:21:40,36.3703,30.2869,304.27,56,0,3.0
256,Sorland,NO,2022-08-17 15:21:41,67.667,12.6934,283.07,71,100,6.41
257,Nantucket,US,2022-08-17 15:17:39,41.2835,-70.0995,296.23,60,100,7.72
258,Kidal,ML,2022-08-17 15:21:42,18.4411,1.4078,309.69,30,77,7.04
259,Dragor,DK,2022-08-17 15:21:42,55.5946,12.6664,301.58,71,100,2.57
260,Nuuk,GL,2022-08-17 15:20:50,64.1835,-51.7216,279.49,81,75,1.54
261,Antalaha,MG,2022-08-17 15:21:43,-14.9003,50.2788,295.06,79,1,5.25
262,Benguela,AO,2022-08-17 15:21:44,-12.5763,13.4055,296.06,74,40,4.33
263,Mersin,TR,2022-08-17 15:21:44,36.862,34.6509,303.46,64,0,4.91
264,Paramaribo,SR,2022-08-17 15:21:45,5.8667,-55.1667,305.1,66,40,3.09
265,Velizh,RU,2022-08-17 15:21:46,55.6056,31.1967,299.75,55,46,2.45
266,Cabinda,AO,2022-08-17 15:21:47,-5.55,12.2,297.3,72,38,4.18
267,Abalak,RU,2022-08-17 15:21:47,58.1286,68.5944,281.46,86,91,3.73
268,Bereda,ES,2022-08-17 15:21:48,43.2686,-7.5406,292.91,67,98,2.72
269,Nouadhibou,MR,2022-08-17 15:21:49,20.931,-17.0347,301.14,61,18,9.26
270,Odienne,CI,2022-08-17 15:21:49,9.51,-7.5692,298.36,85,90,1.98
271,Manturovo,RU,2022-08-17 15:21:50,58.3353,44.7619,296.81,61,28,1.81
272,Tshikapa,CD,2022-08-17 15:22:51,-6.4167,20.8,309.2,19,57,2.09
273,Oistins,BB,2022-08-17 15:22:51,13.0667,-59.5333,303.2,70,75,7.2
274,Mahajanga,MG,2022-08-17 15:22:52,-15.7167,46.3167,297.16,88,20,3.09
275,Dudinka,RU,2022-08-17 15:22:52,69.4058,86.1778,286.8,58,14,6.32
276,Komarikhinskiy,RU,2022-08-17 15:22:53,58.0979,57.1163,288.58,75,98,2.29
277,Ziway,ET,2022-08-17 15:22:54,7.9333,38.7167,295.49,62,99,7.06
278,Malakal,SS,2022-08-17 15:22:54,9.5334,31.6605,296.82,93,100,1.07
279,Kargopol,RU,2022-08-17 15:22:55,61.5071,38.9456,298.29,53,18,1.73
280,Sarlat-La-Caneda,FR,2022-08-17 15:22:55,44.889,1.2166,297.91,46,82,3.02
281,Tonj,SS,2022-08-17 15:22:56,7.2737,28.6822,298.66,79,99,1.09
282,Barcelos,PT,2022-08-17 15:21:14,41.5388,-8.6151,298.66,45,96,7.46
283,Tres Arroyos,AR,2022-08-17 15:22:58,-38.3739,-60.2798,283.96,42,0,7.47
284,Mao,ES,2022-08-17 15:22:59,39.8885,4.2658,303.46,58,40,4.12
285,Ati,TD,2022-08-17 15:23:00,13.2154,18.3353,303.25,56,99,2.53
286,Lugazi,UG,2022-08-17 15:23:00,0.3772,32.9197,292.48,88,99,0.81
287,Abu Kamal,SY,2022-08-17 15:23:01,34.4506,40.9171,313.07,11,0,4.97
288,Teano,IT,2022-08-17 15:23:02,41.2513,14.0665,307.0,37,2,3.05
289,Lubao,PH,2022-08-17 15:23:03,14.9167,120.55,298.99,92,100,1.5
290,Vondrozo,MG,2022-08-17 15:23:03,-22.8167,47.2833,289.96,95,74,1.36
291,Itacare,BR,2022-08-17 15:23:04,-14.2775,-38.9967,299.01,54,44,3.13
292,Virginia Beach,US,2022-08-17 15:21:26,36.8529,-75.978,299.27,69,40,7.72
293,Walvis Bay,NA,2022-08-17 15:23:05,-22.9575,14.5053,288.76,61,7,9.12
294,Hamilton,US,2022-08-17 15:23:05,39.1834,-84.5333,298.39,71,40,2.06
295,Fenton,US,2022-08-17 15:18:43,42.7978,-83.7049,298.15,68,0,2.57
296,Alnashi,RU,2022-08-17 15:23:06,56.1874,52.4792,293.97,53,1,2.7
297,Nadvoitsy,RU,2022-08-17 15:23:07,63.8667,34.3167,299.1,48,11,4.52
298,Santa Cruz,BO,2022-08-17 15:20:38,-17.8,-63.1667,296.18,94,75,11.32
299,Ancud,CL,2022-08-17 15:18:42,-41.8697,-73.8203,278.83,72,80,8.01
300,Makokou,GA,2022-08-17 15:23:09,0.5738,12.8642,298.19,73,100,1.68
301,Harper,LR,2022-08-17 15:23:09,4.375,-7.7169,299.34,67,98,4.01
302,Kaele,CM,2022-08-17 15:23:10,10.1092,14.4508,300.46,84,100,1.54
303,Tingo Maria,PE,2022-08-17 15:23:11,-9.2895,-76.0088,297.32,83,100,1.54
304,Kristiinankaupunki,FI,2022-08-17 15:23:11,62.2743,21.376,292.61,90,98,7.71
305,Ustynivka,UA,2022-08-17 15:23:12,47.9551,32.5367,301.03,48,99,1.37
306,Saint-Francois,FR,2022-08-17 15:23:13,46.4154,3.9054,292.84,83,0,1.54
307,Lisakovsk,KZ,2022-08-17 15:23:14,52.5369,62.4936,292.7,42,29,4.67
308,Kovdor,RU,2022-08-17 15:23:15,67.5662,30.4758,298.57,49,1,5.58
309,Saint George,US,2022-08-17 15:20:29,37.1041,-113.5841,301.72,55,0,2.06
310,Colares,PT,2022-08-17 15:23:16,38.7992,-9.4469,298.97,48,40,15.65
311,Tabou,CI,2022-08-17 15:23:16,4.423,-7.3528,299.08,69,85,3.81
312,Marzuq,YE,2022-08-17 15:23:17,14.4,46.4667,302.18,54,47,5.13
313,Nova Vicosa,BR,2022-08-17 15:23:18,-17.8919,-39.3719,298.56,62,18,6.83
314,Hwange,ZW,2022-08-17 15:23:18,-18.3693,26.5019,301.26,21,0,3.58
315,Sao Francisco Do Sul,BR,2022-08-17 15:24:19,-26.2433,-48.6381,296.1,78,75,4.12
316,Puerto Leguizamo,CO,2022-08-17 15:24:20,-0.1934,-74.7819,303.06,59,6,2.07
317,Mehamn,NO,2022-08-17 15:24:20,71.0357,27.8492,301.1,77,75,14.92
318,Zile,TR,2022-08-17 15:24:21,40.3031,35.8864,304.38,28,0,4.06
319,Sunyani,GH,2022-08-17 15:24:22,7.3399,-2.3268,304.04,42,30,1.81
320,Sevierville,US,2022-08-17 15:24:23,35.8681,-83.5618,298.94,70,75,0.0
321,El Retorno,CO,2022-08-17 15:24:23,2.3302,-72.6276,302.3,60,38,2.58
322,Serenje,ZM,2022-08-17 15:24:24,-13.2325,30.2352,296.79,30,6,4.69
323,Samfya,ZM,2022-08-17 15:24:24,-11.3649,29.5565,300.39,25,2,1.14
324,Moose Factory,CA,2022-08-17 15:24:25,51.2585,-80.6094,297.15,64,0,2.06
325,Middletown,US,2022-08-17 15:24:26,39.5151,-84.3983,298.02,73,0,4.63
326,Touros,BR,2022-08-17 15:23:23,-5.1989,-35.4608,301.6,59,14,8.38
327,Jadu,LY,2022-08-17 15:24:27,31.953,12.0261,312.97,10,6,2.33
328,Chapais,CA,2022-08-17 15:24:28,49.7834,-74.8492,297.03,36,67,1.74
329,Statesville,US,2022-08-17 15:24:28,35.7826,-80.8873,297.65,53,75,1.54
330,Kulhudhuffushi,MV,2022-08-17 15:24:29,6.6221,73.07,300.55,72,100,2.06
331,Los Llanos De Aridane,ES,2022-08-17 15:24:30,28.6585,-17.9182,297.01,78,75,6.17
332,Plombieres,BE,2022-08-17 15:24:31,50.735,5.953,298.02,74,42,1.94
333,Igurubi,TZ,2022-08-17 15:24:32,-4.0,33.7,302.36,24,99,5.19
334,Urubicha,BO,2022-08-17 15:24:32,-15.3833,-62.95,306.43,36,46,4.25
335,Dakar,SN,2022-08-17 15:22:00,14.6937,-17.4441,303.64,72,97,5.17
336,Inhambane,MZ,2022-08-17 15:24:33,-23.865,35.3833,295.14,70,3,8.37
337,Tromso,NO,2022-08-17 15:24:34,69.6496,18.957,283.16,81,75,2.06
338,Manjeshwar,IN,2022-08-17 15:24:35,12.7194,74.8861,300.68,87,73,2.64
339,Derzhavinsk,KZ,2022-08-17 15:24:35,51.1,66.3167,290.95,48,56,3.59
340,Penco,CL,2022-08-17 15:24:36,-36.7333,-72.9833,282.62,76,75,2.06
341,Bubaque,GW,2022-08-17 15:24:36,11.2833,-15.8333,297.56,91,100,6.1
342,Buenos Aires,AR,2022-08-17 15:24:37,-34.6132,-58.3772,283.68,83,100,3.6
343,Luleburgaz,TR,2022-08-17 15:24:38,41.4039,27.3592,303.69,38,77,4.42
344,Port Blair,IN,2022-08-17 15:24:39,11.6667,92.75,300.17,83,75,2.57
345,Kruisfontein,ZA,2022-08-17 15:24:39,-34.0033,24.7314,292.53,51,18,2.49
346,Teguldet,RU,2022-08-17 15:24:40,57.3064,88.1667,282.12,95,100,1.78
347,Saint-Joseph,RE,2022-08-17 15:24:41,-21.3667,55.6167,294.36,73,18,3.2
348,Kalmar,SE,2022-08-17 15:24:41,56.6616,16.3616,298.11,65,0,7.2
349,Olbia,IT,2022-08-17 15:23:36,40.9214,9.4856,305.18,70,59,5.66
350,San Rafael Del Sur,NI,2022-08-17 15:24:43,11.8485,-86.4384,301.69,66,32,2.45
351,Petauke,ZM,2022-08-17 15:24:43,-14.2426,31.3253,300.36,25,1,2.04
352,Mastic Beach,US,2022-08-17 15:24:44,40.7668,-72.8521,296.75,69,100,2.06
353,Youghal,IE,2022-08-17 15:24:44,51.95,-7.8506,294.87,54,27,0.82
354,Wana,PK,2022-08-17 15:24:45,32.2989,69.5725,294.81,83,100,1.56
355,Lubango,AO,2022-08-17 15:24:46,-14.9172,13.4925,298.95,15,4,3.71
356,Iralaya,HN,2022-08-17 15:24:46,15.0,-83.2333,301.27,77,100,1.33
357,Saint-Pierre,RE,2022-08-17 15:24:47,-21.3393,55.4781,294.97,74,0,5.14
358,Porto Tolle,IT,2022-08-17 15:25:48,44.9497,12.3245,304.28,65,32,6.81
359,Thohoyandou,ZA,2022-08-17 15:24:38,-22.9456,30.485,300.34,14,36,3.79
360,Bilma,NE,2022-08-17 15:25:49,18.6853,12.9164,313.96,10,15,3.06
361,Gurupa,BR,2022-08-17 15:25:49,-1.405,-51.64,307.39,37,5,1.79
362,Saint-Paul,RE,2022-08-17 15:25:50,-21.0096,55.2707,295.21,73,9,2.0
363,Alta Floresta,BR,2022-08-17 15:25:50,-9.8756,-56.0861,308.05,34,0,3.09
364,Bonavista,CA,2022-08-17 15:20:58,48.6499,-53.1147,289.95,76,100,4.62
365,Mikhaylovka,RU,2022-08-17 15:25:51,50.06,43.2379,306.92,19,75,10.22
366,Kariba,ZW,2022-08-17 15:25:52,-16.5167,28.8,299.34,36,0,1.52
367,Bestobe,KZ,2022-08-17 15:25:52,52.4994,73.0975,287.38,42,73,4.07
368,Conceicao Do Araguaia,BR,2022-08-17 15:25:53,-8.2578,-49.2647,309.36,19,0,3.5
369,Kangaatsiaq,GL,2022-08-17 15:25:54,68.3065,-53.4641,277.37,95,100,5.7
370,Tatarka,RU,2022-08-17 15:25:54,44.9589,41.9517,303.55,51,93,2.29
371,Jojoima,SL,2022-08-17 15:25:55,7.8792,-10.7878,295.71,96,100,1.22
372,Jamame,SO,2022-08-17 15:25:55,0.0722,42.7506,297.91,76,25,6.64
373,Onega,RU,2022-08-17 15:25:56,63.9061,38.1404,298.91,48,23,2.66
374,Necochea,AR,2022-08-17 15:25:58,-38.5473,-58.7368,284.13,59,67,7.46
375,Camapua,BR,2022-08-17 15:25:58,-19.5314,-54.0439,303.07,38,66,5.08
376,Atbasar,KZ,2022-08-17 15:25:59,51.8,68.3333,286.38,54,20,3.52
377,Ongandjera,NA,2022-08-17 15:26:00,-17.8833,15.0667,303.59,7,1,1.91
378,Gambela,ET,2022-08-17 15:26:00,8.25,34.5833,294.76,96,100,0.44
379,Klaksvik,FO,2022-08-17 15:26:01,62.2266,-6.589,283.66,74,100,9.29
380,Gari,RU,2022-08-17 15:26:01,59.4307,62.3497,283.12,65,71,2.31
381,Kovernino,RU,2022-08-17 15:26:02,57.1253,43.8142,297.43,55,80,2.87
382,Mouila,GA,2022-08-17 15:26:03,-1.8685,11.0559,304.1,58,75,2.6
383,Hobyo,SO,2022-08-17 15:26:03,5.3505,48.5268,298.48,78,10,12.69
384,Adrar,MR,2022-08-17 15:26:04,20.5022,-10.0711,313.05,20,2,5.53
385,Santa Rosa,PH,2022-08-17 15:22:17,14.3122,121.1114,300.14,84,100,1.42
386,Cayenne,GF,2022-08-17 15:26:05,4.9333,-52.3333,304.17,55,40,2.57
387,Kunya,NG,2022-08-17 15:26:05,12.2233,8.5325,302.24,65,40,4.12
388,Aleksandrov Gay,RU,2022-08-17 15:26:06,50.147,48.5704,307.27,15,98,7.29
389,Yola,NG,2022-08-17 15:26:07,9.2,12.4833,302.89,59,84,3.56
390,Aswan,EG,2022-08-17 15:26:08,24.0934,32.907,314.12,14,1,6.64
391,Thornhill,GB,2022-08-17 15:26:08,55.2333,-3.7667,291.67,57,30,1.52
392,Akdepe,TM,2022-08-17 15:26:09,42.0551,59.3788,302.2,17,0,8.6
393,Krasnoselkup,RU,2022-08-17 15:26:10,65.7,82.4667,284.59,78,83,4.5
394,Agadez,NE,2022-08-17 15:26:10,19.75,10.25,313.3,12,12,4.34
395,Manta,EC,2022-08-17 15:26:11,-0.95,-80.7333,297.03,83,100,3.6
396,Saint Anthony,US,2022-08-17 15:25:07,45.0205,-93.218,298.62,65,20,3.6
397,Kuldiga,LV,2022-08-17 15:26:12,56.974,21.9572,297.98,56,93,0.89
398,Sabha,LY,2022-08-17 15:26:13,27.0377,14.4283,312.88,11,0,6.75
399,Hurup,DK,2022-08-17 15:26:13,56.7494,8.4195,294.1,71,77,6.5
400,Kyabe,TD,2022-08-17 15:26:14,9.4515,18.9449,298.62,89,74,2.61
401,Ostersund,SE,2022-08-17 15:26:15,63.1792,14.6357,285.71,87,100,6.69
402,Dire,ML,2022-08-17 15:26:15,12.2833,-10.9667,301.14,71,100,2.43
403,Abadan,IR,2022-08-17 15:26:16,30.3392,48.3043,317.12,15,0,4.12
404,Urengoy,RU,2022-08-17 15:26:16,65.9667,78.3667,282.23,91,68,2.96
405,Obernai,FR,2022-08-17 15:26:17,48.4631,7.481,302.31,47,0,1.54
406,Doha,QA,2022-08-17 15:27:18,25.2867,51.5333,312.32,56,27,5.14
407,Thessalon,CA,2022-08-17 15:27:18,46.2501,-83.5666,295.31,63,37,0.61
408,La Libertad,EC,2022-08-17 15:27:19,-2.2333,-80.9,293.96,94,100,4.12
409,Diu,IN,2022-08-17 15:27:20,20.7141,70.9822,299.39,89,100,8.17
410,Oranjestad,AW,2022-08-17 15:27:20,12.524,-70.027,305.12,62,40,8.75
411,Killybegs,IE,2022-08-17 15:27:21,54.6333,-8.45,288.99,54,98,2.62
412,Caucaia,BR,2022-08-17 15:27:22,-3.7361,-38.6531,303.88,59,20,8.75
413,Plouzane,FR,2022-08-17 15:27:22,48.3833,-4.6167,293.18,86,100,6.69
414,Bousso,TD,2022-08-17 15:27:23,10.4795,16.7117,299.6,75,84,4.06
415,Mecca,SA,2022-08-17 15:27:24,21.4267,39.8261,310.38,34,11,5.61
416,Manoel Urbano,BR,2022-08-17 15:27:24,-8.8389,-69.2597,306.08,44,11,2.42
417,Lardos,GR,2022-08-17 15:27:25,36.0942,28.0157,304.05,49,0,7.69
418,Keetmanshoop,NA,2022-08-17 15:27:25,-26.5833,18.1333,297.67,8,0,8.15
419,Baillif,GP,2022-08-17 15:27:26,16.0202,-61.7463,303.87,66,4,3.69
420,Conceicao Da Barra,BR,2022-08-17 15:23:36,-18.5933,-39.7322,299.8,56,19,5.31
421,Matara,LK,2022-08-17 15:27:27,5.9485,80.5353,298.92,86,89,3.71
422,Dubrovnik,HR,2022-08-17 15:27:28,42.6481,18.0922,299.95,73,0,3.6
423,Rotenburg,DE,2022-08-17 15:27:28,53.1167,9.4,302.03,46,100,3.7
424,Kennett,US,2022-08-17 15:27:29,36.2362,-90.0556,295.36,97,100,2.06
425,Rocha,UY,2022-08-17 15:27:29,-34.4833,-54.3333,288.89,59,100,4.67
426,Painesville,US,2022-08-17 15:25:55,41.7245,-81.2457,298.3,68,75,1.54
427,Arlit,NE,2022-08-17 15:27:30,18.7369,7.3853,310.56,26,13,3.34
428,Ribeira Brava,PT,2022-08-17 15:27:31,32.65,-17.0667,297.04,70,21,2.35
429,Dubovka,RU,2022-08-17 15:27:32,49.0583,44.829,309.68,24,77,5.13
430,Mayumba,GA,2022-08-17 15:27:32,-3.432,10.6554,297.02,74,76,4.04
431,Santa Maria,BR,2022-08-17 15:26:25,-29.6842,-53.8069,290.76,82,40,4.12
432,Dobrusevo,MK,2022-08-17 15:27:33,41.1686,21.4825,304.98,24,16,3.35
433,Sinop,TR,2022-08-17 15:27:34,41.7711,34.8709,296.32,76,46,2.5
434,Okahandja,NA,2022-08-17 15:27:34,-21.9833,16.9167,300.98,6,2,8.47
435,Cine,TR,2022-08-17 15:27:35,37.6117,28.0614,305.82,23,1,6.41
436,Pedra Azul,BR,2022-08-17 15:22:57,-16.0053,-41.2972,299.53,36,33,3.07
437,Sao Felix Do Xingu,BR,2022-08-17 15:27:37,-6.6447,-51.995,309.1,20,0,2.44
438,Srivardhan,IN,2022-08-17 15:27:39,18.0333,73.0167,299.52,86,98,6.13
439,Havre-Saint-Pierre,CA,2022-08-17 15:27:39,50.2334,-63.5986,297.35,41,0,3.6
440,Araxa,BR,2022-08-17 15:27:40,-19.5933,-46.9406,301.13,30,0,5.66
441,Lodja,CD,2022-08-17 15:27:41,-3.4833,23.4333,303.9,44,62,1.44
442,Bani Walid,LY,2022-08-17 15:27:41,31.7566,13.9942,315.62,10,0,6.87
443,Lugovoy,KZ,2022-08-17 15:27:42,42.9472,72.7644,295.9,20,0,3.82
444,Jurm,AF,2022-08-17 15:27:42,36.8648,70.8342,296.5,25,2,1.93
445,Hambantota,LK,2022-08-17 15:27:43,6.1241,81.1185,299.8,81,90,7.47
446,Horta,PT,2022-08-17 15:27:44,38.5333,-28.6333,295.95,60,75,6.69
447,Tirumullaivasal,IN,2022-08-17 15:27:44,11.2333,79.8333,301.88,74,99,7.17
448,Gopalpur,IN,2022-08-17 15:27:45,19.2667,84.9167,302.28,80,100,3.65
449,Aksu,CN,2022-08-17 15:27:45,41.1231,80.2644,300.33,29,1,4.2
450,San Onofre,CO,2022-08-17 15:27:46,9.7359,-75.5263,301.86,76,7,2.4
451,Ustek,CZ,2022-08-17 15:27:47,50.5847,14.3433,305.02,27,47,1.05
452,Coihueco,CL,2022-08-17 15:27:47,-36.6167,-71.8333,280.56,76,40,2.06
453,Stephenville,US,2022-08-17 15:28:48,32.2207,-98.2023,307.0,47,0,6.17
454,Kharan,PK,2022-08-17 15:28:49,28.5833,65.4167,308.14,24,94,0.76
455,Ndola,ZM,2022-08-17 15:28:49,-12.9587,28.6366,300.17,21,8,1.71
456,Kumba,CM,2022-08-17 15:28:50,4.6363,9.4469,299.52,77,100,1.68
457,Mashhad,IR,2022-08-17 15:28:50,36.297,59.6062,300.23,24,0,7.2
458,Sao Jose Da Coroa Grande,BR,2022-08-17 15:28:51,-8.8978,-35.1478,299.4,69,44,7.15
459,Sahbuz,AZ,2022-08-17 15:28:52,39.4072,45.5739,305.93,27,2,4.71
460,La Uvita,CO,2022-08-17 15:28:52,6.3168,-72.5603,292.14,57,6,0.54
461,Tamandare,BR,2022-08-17 15:24:06,-8.7597,-35.1047,299.73,66,35,6.84
462,Barra Patuca,HN,2022-08-17 15:28:53,15.8,-84.2833,300.82,78,85,2.48
463,Bayeux,BR,2022-08-17 15:28:55,-7.125,-34.9322,298.5,88,40,8.75
464,Maniitsoq,GL,2022-08-17 15:28:55,65.4167,-52.9,278.79,89,97,3.15
465,Boa Vista,BR,2022-08-17 15:27:06,2.8197,-60.6733,304.14,55,40,5.14
466,Thunder Bay,CA,2022-08-17 15:25:12,48.4001,-89.3168,292.14,82,75,3.09
467,Russkaya Polyana,UA,2022-08-17 15:28:57,49.417,31.9201,299.47,56,100,1.76
468,Los Arabos,CU,2022-08-17 15:28:57,22.7281,-80.7214,303.23,65,93,1.21
469,Ozubulu,NG,2022-08-17 15:28:58,5.9567,6.849,303.56,50,97,1.68
470,Ipatinga,BR,2022-08-17 15:28:58,-19.4683,-42.5367,299.19,41,0,4.12
471,Sovetskiy,RU,2022-08-17 15:28:59,61.3614,63.5842,282.89,52,64,3.24
472,San Luis,AR,2022-08-17 15:29:00,-33.295,-66.3356,284.35,19,1,7.83
473,Coihaique,CL,2022-08-17 15:29:00,-45.5752,-72.0662,279.12,61,20,1.54
474,Piacabucu,BR,2022-08-17 15:29:01,-10.4056,-36.4344,298.97,67,54,6.36
475,Puerto Colombia,CO,2022-08-17 15:29:01,10.9878,-74.9547,304.2,68,2,1.84
476,Bandarbeyla,SO,2022-08-17 15:29:02,9.4942,50.8122,297.96,82,100,12.77
477,Butembo,CD,2022-08-17 15:29:03,0.15,29.2833,289.09,93,100,0.81
478,Shache,CN,2022-08-17 15:29:03,38.4167,77.2406,301.9,19,89,3.27
479,Yar-Sale,RU,2022-08-17 15:29:04,66.8333,70.8333,282.59,81,100,10.35
480,Tchibanga,GA,2022-08-17 15:29:05,-2.85,11.0333,304.0,40,71,2.4
481,Bradford,GB,2022-08-17 15:26:04,53.7939,-1.7521,294.14,61,40,3.09
482,Bordighera,IT,2022-08-17 15:29:06,43.7806,7.6645,297.12,72,81,6.33
483,Uyutne,UA,2022-08-17 15:29:06,45.1994,33.3014,299.8,67,71,5.77
484,Trincomalee,LK,2022-08-17 15:29:07,8.5711,81.2335,301.61,73,100,2.01
485,Xuddur,SO,2022-08-17 15:29:08,4.1213,43.8894,301.04,48,100,8.68
486,Najran,SA,2022-08-17 15:29:08,17.4924,44.1277,308.51,26,100,8.3
487,Tombouctou,ML,2022-08-17 15:29:09,20.0,-3.0,310.88,28,58,3.43
488,Phuthaditjhaba,ZA,2022-08-17 15:29:10,-28.5242,28.8158,291.48,18,5,6.8
489,Poltavka,RU,2022-08-17 15:29:11,54.3663,71.7632,283.91,70,86,3.3
490,Buchanan,LR,2022-08-17 15:29:12,5.8808,-10.0467,298.87,73,99,5.1
491,Strezhevoy,RU,2022-08-17 15:29:12,60.7333,77.5889,281.3,81,90,2.71
492,Saint-Alexandre,FR,2022-08-17 15:29:13,44.2278,4.6214,294.54,67,98,4.55
493,Constantine,DZ,2022-08-17 15:29:13,36.365,6.6147,314.82,8,75,12.35
494,Zaysan,KZ,2022-08-17 15:29:14,47.4667,84.8667,286.1,32,0,3.44
495,De Aar,ZA,2022-08-17 15:29:15,-30.6497,24.0123,290.03,18,91,10.12
496,Vysotsk,RU,2022-08-17 15:29:15,60.6288,28.5705,298.0,64,90,3.1
497,Barmer,IN,2022-08-17 15:29:16,25.75,71.3833,298.9,87,100,8.85
498,Umea,SE,2022-08-17 15:29:17,63.8284,20.2597,291.11,100,100,4.12
499,Rehoboth,NA,2022-08-17 15:27:21,-23.3167,17.0833,298.67,7,3,10.16
500,Benghazi,LY,2022-08-17 15:27:17,32.1167,20.0667,302.83,58,0,5.33
501,Martellago,IT,2022-08-17 15:30:18,45.5442,12.1607,305.34,58,40,3.09
502,Bom Jesus Da Lapa,BR,2022-08-17 15:30:19,-13.255,-43.4181,305.89,23,3,2.19
503,Mana,GF,2022-08-17 15:30:19,5.6592,-53.7767,301.94,72,9,2.47
504,Elizabeth City,US,2022-08-17 15:30:20,36.2946,-76.2511,299.26,71,0,8.23
505,Rahatgarh,IN,2022-08-17 15:30:21,23.7833,78.3667,297.48,90,0,4.03
506,Vestmannaeyjar,IS,2022-08-17 15:30:21,63.4427,-20.2734,283.7,93,100,6.17
507,Hualmay,PE,2022-08-17 15:30:22,-11.0964,-77.6139,291.6,70,33,4.12
508,Turukhansk,RU,2022-08-17 15:30:22,65.8167,87.9833,284.75,86,72,3.01
509,Camacha,PT,2022-08-17 15:30:23,33.0833,-16.3333,294.83,56,40,8.75
510,Isny,DE,2022-08-17 15:30:24,47.7,10.0333,302.44,37,74,1.34
511,Zapolyarnyy,RU,2022-08-17 15:30:24,69.4154,30.8136,300.75,57,0,9.69
512,Nikolskoye,RU,2022-08-17 15:30:25,59.7035,30.7861,303.08,46,51,1.88
513,Komsomolskoye,RU,2022-08-17 15:30:26,55.2567,47.5461,294.81,62,40,3.13
514,Warrington,GB,2022-08-17 15:30:26,53.3925,-2.5802,295.62,59,75,1.79
515,Sao Francisco De Assis,BR,2022-08-17 15:30:27,-29.5503,-55.1311,296.18,69,9,4.35
516,Krasnovishersk,RU,2022-08-17 15:30:27,60.4078,57.082,284.6,66,30,1.9
517,Conde,BR,2022-08-17 15:30:28,-7.2597,-34.9075,297.85,88,40,8.75
518,Larsnes,NO,2022-08-17 15:30:29,62.2028,5.5773,287.38,81,100,5.78
519,Opuwo,NA,2022-08-17 15:30:29,-18.0607,13.84,302.67,8,0,3.95
520,Rio Gallegos,AR,2022-08-17 15:30:30,-51.6226,-69.2181,276.18,56,0,7.72
521,Mandaguacu,BR,2022-08-17 15:30:31,-23.3472,-52.0953,291.93,88,75,7.72
522,Iranshahr,IR,2022-08-17 15:30:32,27.2025,60.6848,314.34,9,20,7.2
523,Katete,UG,2022-08-17 15:30:32,-0.7818,29.7544,291.32,89,100,0.33
524,Copiapo,CL,2022-08-17 15:30:33,-27.3667,-70.3333,284.98,38,1,2.17
525,Kasane,BW,2022-08-17 15:30:33,-17.8167,25.15,303.2,17,0,3.6
526,Aksarka,RU,2022-08-17 15:30:34,66.5606,67.7975,281.61,67,97,9.32
527,Sovkhoznyy,RU,2022-08-17 15:30:35,45.2946,38.1138,301.39,50,2,4.48
528,Saint-Leu,RE,2022-08-17 15:30:36,-21.15,55.2833,294.63,72,6,3.83
529,Epe,NG,2022-08-17 15:30:36,6.5841,3.9834,301.64,60,43,4.28
530,Sacama,EC,2022-08-17 15:30:37,-3.9,-79.2667,288.16,53,0,1.54
531,Pastos Bons,BR,2022-08-17 15:30:37,-6.6017,-44.0767,307.99,25,1,3.61
532,Stornoway,GB,2022-08-17 15:30:38,58.2093,-6.3865,287.13,70,75,3.09
533,Vestmanna,FO,2022-08-17 15:30:39,62.1564,-7.1664,282.66,76,100,7.72
534,Praia Da Vitoria,PT,2022-08-17 15:30:39,38.7333,-27.0667,298.29,73,75,3.91
535,Komsomolskiy,UZ,2022-08-17 15:30:40,40.4272,71.7189,305.55,22,18,2.06
536,Matay,EG,2022-08-17 15:30:41,28.419,30.7792,308.44,19,0,5.93
537,Saint-Georges,GD,2022-08-17 15:30:41,12.0564,-61.7485,304.97,58,20,6.69
538,Skjervoy,NO,2022-08-17 15:30:42,70.0311,20.9714,284.15,91,100,7.89
539,Tougan,BF,2022-08-17 15:30:42,13.0667,-3.0667,301.19,67,95,4.64
540,Dawlatabad,AF,2022-08-17 15:30:43,36.4141,64.9053,305.31,15,0,3.41
541,Ormara,PK,2022-08-17 15:30:44,25.2088,64.6357,300.89,93,100,5.03
542,Thompson,CA,2022-08-17 15:26:34,55.7435,-97.8558,293.24,73,75,2.06
543,Uribia,CO,2022-08-17 15:30:45,11.7139,-72.266,306.17,46,5,10.82
544,Kisangani,CD,2022-08-17 15:30:45,0.5167,25.2,294.13,98,100,0.48
545,Moundou,TD,2022-08-17 15:30:46,8.5667,16.0833,295.98,93,100,1.33
546,Salym,RU,2022-08-17 15:30:46,60.0625,71.4789,280.38,78,83,2.4
547,Luanda,AO,2022-08-17 15:27:50,-8.8368,13.2343,296.15,73,2,4.12
548,Vincennes,FR,2022-08-17 15:31:48,48.85,2.4333,300.84,54,40,2.57
549,Pangnirtung,CA,2022-08-17 15:31:48,66.1451,-65.7125,282.15,76,20,3.6
550,Praia,CV,2022-08-17 15:31:49,14.9215,-23.5087,303.45,54,40,5.66
551,Tselinnoye,RU,2022-08-17 15:31:49,53.0833,85.6667,282.91,89,100,1.55
552,Totness,SR,2022-08-17 15:31:50,5.8833,-56.3167,302.97,65,8,2.3
553,Roth,DE,2022-08-17 15:31:51,49.245,11.0911,304.78,26,64,2.22
554,Muzhi,RU,2022-08-17 15:31:52,65.3667,64.6667,281.78,61,97,4.26
555,Bouna,CI,2022-08-17 15:31:52,9.2667,-3.0,301.32,57,92,3.32
556,Barkly West,ZA,2022-08-17 15:31:53,-28.5354,24.5215,297.75,13,75,7.52
557,Nampula,MZ,2022-08-17 15:31:53,-15.1165,39.2666,300.12,44,40,3.09
558,Mantua,IT,2022-08-17 15:31:54,45.1667,10.7833,303.73,92,100,4.6
559,Cabedelo,BR,2022-08-17 15:31:55,-6.9811,-34.8339,298.52,75,64,10.31
560,Lagunas,PE,2022-08-17 15:31:55,-5.2269,-75.6753,306.36,45,31,2.0
561,Kargasok,RU,2022-08-17 15:31:56,59.0556,80.8572,282.55,92,100,4.31
562,Kokkola,FI,2022-08-17 15:31:56,63.8385,23.1307,295.89,93,95,4.63
563,Owando,CG,2022-08-17 15:31:57,-0.4819,15.8999,303.03,47,94,1.0
564,Gorom-Gorom,BF,2022-08-17 15:31:58,14.4439,-0.2361,302.82,56,100,3.9
565,Keti Bandar,PK,2022-08-17 15:31:58,24.1447,67.4497,300.44,89,100,5.01
566,Abapo,BO,2022-08-17 15:31:59,-18.8333,-63.4667,309.13,19,61,3.03
567,Kresttsy,RU,2022-08-17 15:31:59,58.2452,32.5165,298.76,54,10,2.3
568,Mandiana,GN,2022-08-17 15:32:00,10.6333,-8.6833,297.75,89,94,2.86
569,Mopipi,BW,2022-08-17 15:32:01,-21.1833,24.8833,298.42,17,0,3.16
570,Kilemary,RU,2022-08-17 15:32:02,56.7783,46.8659,293.44,71,22,2.64
571,Vredendal,ZA,2022-08-17 15:32:02,-31.6683,18.5012,287.06,87,87,8.71
572,Tsabong,BW,2022-08-17 15:32:03,-26.0217,22.401,296.87,11,5,4.17
573,Watertown,US,2022-08-17 15:32:03,42.3709,-71.1828,299.34,44,20,8.23
574,Yasnyy,RU,2022-08-17 15:32:04,51.0333,59.8742,294.7,34,9,3.24
575,Alekseyevka,RU,2022-08-17 15:32:05,50.6309,38.6903,300.34,43,38,6.33
576,Chachapoyas,PE,2022-08-17 15:32:05,-6.2317,-77.869,293.47,50,19,2.38
577,Agirish,RU,2022-08-17 15:32:06,61.9247,63.0231,280.29,63,80,1.6
578,Morant Bay,JM,2022-08-17 15:32:07,17.8815,-76.4093,306.88,65,92,4.51
579,Saint-Michel-Des-Saints,CA,2022-08-17 15:30:18,46.6834,-73.9159,295.89,55,100,3.21
580,San Pedro,PH,2022-08-17 15:32:08,14.35,121.0167,299.72,85,75,1.03
581,Pinheiro Machado,BR,2022-08-17 15:32:08,-31.5783,-53.3811,292.62,68,0,5.0
582,Herouville-Saint-Clair,FR,2022-08-17 15:32:09,49.2109,-0.3065,297.05,73,100,2.06
583,Lidkoping,SE,2022-08-17 15:32:09,58.5052,13.1577,296.71,64,76,4.49
584,Kholmogory,RU,2022-08-17 15:32:10,64.2229,41.656,297.19,62,22,2.07
585,Liwale,TZ,2022-08-17 15:32:11,-9.7667,37.9333,298.38,35,22,1.0
586,Szeghalom,HU,2022-08-17 15:32:11,47.0333,21.1667,308.14,23,3,4.06
587,Campana,AR,2022-08-17 15:32:12,-34.1687,-58.9591,284.22,71,100,4.56
