,City,Lat,Lng,Max Temp,Humidity,Cloudiness,Wind Speed,Weather Description,Country,Date
0,Klaksvik,62.2266,-6.589,282.66,90,99,5.59,light rain,FO,2022-08-20 23:51:32
1,Nanortalik,60.1432,-45.2371,277.37,97,100,1.72,overcast clouds,GL,2022-08-20 23:51:33
2,Boa Vista,2.8197,-60.6733,302.14,65,20,2.57,few clouds,BR,2022-08-20 23:50:25
3,Kungur,57.4368,56.9593,288.04,91,2,2.36,clear sky,RU,2022-08-20 23:51:34
4,Cape Town,-33.9258,18.4232,285.38,78,75,1.03,broken clouds,ZA,2022-08-20 23:45:02
5,Jamestown,42.097,-79.2353,298.95,52,75,2.57,broken clouds,US,2022-08-20 23:51:10
6,Longyearbyen,78.2186,15.6401,277.06,81,75,1.03,broken clouds,SJ,2022-08-20 23:51:35
7,Atar,20.5169,-13.0499,306.57,46,10,2.71,clear sky,MR,2022-08-20 23:51:36
8,Shahr-E Kord,32.3256,50.8644,292.16,15,84,1.65,broken clouds,IR,2022-08-20 23:51:36
9,Souillac,-20.5167,57.5167,295.36,68,75,5.14,broken clouds,MU,2022-08-20 23:51:37
10,Katakwi,1.8911,33.9661,290.19,93,42,0.92,light rain,UG,2022-08-20 23:51:38
11,Bushehr,28.9684,50.8385,306.36,62,25,2.37,scattered clouds,IR,2022-08-20 23:51:38
12,Jeremie,18.65,-74.1167,301.24,79,12,0.98,few clouds,HT,2022-08-20 23:51:39
13,Ihosy,-22.4,46.1167,288.4,81,0,1.07,clear sky,MG,2022-08-20 23:51:39
14,Deori,21.45,82.6167,296.55,93,100,4.19,overcast clouds,IN,2022-08-20 23:51:40
15,Port Alfred,-33.5906,26.891,281.58,84,73,0.89,broken clouds,ZA,2022-08-20 23:49:17
16,Cravo Norte,6.3017,-70.2041,296.15,93,100,1.6,overcast clouds,CO,2022-08-20 23:51:41
17,Hermanus,-34.4187,19.2345,282.48,72,26,2.68,scattered clouds,ZA,2022-08-20 23:51:42
18,Upernavik,72.7868,-56.1549,277.16,67,7,1.77,clear sky,GL,2022-08-20 23:48:56
19,Mmathubudukwane,-24.6,26.4333,281.72,38,0,2.72,clear sky,BW,2022-08-20 23:51:43
20,Novoleushkovskaya,45.9956,39.9921,295.14,56,98,6.0,overcast clouds,RU,2022-08-20 23:51:44
21,Mecca,21.4267,39.8261,304.12,41,39,1.43,scattered clouds,SA,2022-08-20 23:51:45
22,Seoni,22.0833,79.5333,294.67,96,100,6.06,overcast clouds,IN,2022-08-20 23:51:45
23,Kariba,-16.5167,28.8,291.24,44,0,1.28,clear sky,ZW,2022-08-20 23:51:46
24,Timra,62.487,17.3257,291.3,100,100,1.03,overcast clouds,SE,2022-08-20 23:51:47
25,East London,-33.0153,27.9116,286.54,57,83,7.38,broken clouds,ZA,2022-08-20 23:49:09
26,Ushuaia,-54.8,-68.3,275.96,65,0,2.06,clear sky,AR,2022-08-20 23:49:00
27,Inhambane,-23.865,35.3833,293.48,67,26,9.44,light rain,MZ,2022-08-20 23:51:48
28,Port Elizabeth,-33.918,25.5701,283.32,79,0,5.66,clear sky,ZA,2022-08-20 23:50:08
29,Binga,-17.6203,27.3414,288.77,20,3,3.73,clear sky,ZW,2022-08-20 23:51:49
30,Georgetown,5.4112,100.3354,298.12,96,40,2.68,scattered clouds,MY,2022-08-20 23:49:54
31,Lukoyanov,55.0277,44.4786,285.16,62,30,3.21,scattered clouds,RU,2022-08-20 23:51:50
32,Goure,13.9835,10.2704,299.27,57,85,4.66,overcast clouds,NE,2022-08-20 23:51:51
33,Porto Novo,6.4965,2.6036,297.05,91,60,1.96,broken clouds,BJ,2022-08-20 23:51:51
34,Laguna,38.421,-121.4238,315.55,21,0,1.79,clear sky,US,2022-08-20 23:51:52
35,Bathsheba,13.2167,-59.5167,300.49,83,40,5.14,scattered clouds,BB,2022-08-20 23:51:53
36,Nouadhibou,20.931,-17.0347,295.14,94,40,6.17,scattered clouds,MR,2022-08-20 23:50:11
37,Ilulissat,69.2167,-51.1,273.01,88,94,3.1,overcast clouds,GL,2022-08-20 23:51:54
38,Seneffe,50.5313,4.263,289.69,76,0,2.06,clear sky,BE,2022-08-20 23:51:54
39,Hithadhoo,-0.6,73.0833,300.44,76,61,5.04,broken clouds,MV,2022-08-20 23:51:55
40,Belyy Yar,53.6039,91.3903,284.09,93,75,3.0,broken clouds,RU,2022-08-20 23:51:55
41,Bengkulu,-3.8004,102.2655,297.13,94,100,5.55,overcast clouds,ID,2022-08-20 23:51:56
42,Mar Del Plata,-38.0023,-57.5575,288.16,44,0,6.69,clear sky,AR,2022-08-20 23:47:06
43,Pangnirtung,66.1451,-65.7125,280.74,88,100,0.37,light rain,CA,2022-08-20 23:51:57
44,Siguiri,11.6667,-9.5,294.98,97,99,2.62,overcast clouds,GN,2022-08-20 23:51:58
45,Mungwi,-10.1732,31.3694,293.53,41,92,1.32,overcast clouds,ZM,2022-08-20 23:51:58
46,Sisimiut,66.9395,-53.6735,277.4,80,91,2.05,overcast clouds,GL,2022-08-20 23:52:59
47,Chuy,-33.6971,-53.4616,280.95,73,20,2.24,few clouds,UY,2022-08-20 23:53:00
48,Santa Rita,-7.1139,-34.9781,297.52,73,0,3.09,clear sky,BR,2022-08-20 23:53:01
49,Oskemen,49.9565,82.6119,277.13,93,0,2.0,clear sky,KZ,2022-08-20 23:53:02
50,Ponta Do Sol,32.6667,-17.1,295.5,57,2,2.03,clear sky,PT,2022-08-20 23:49:03
51,Bredasdorp,-34.5322,20.0403,280.17,80,3,2.92,clear sky,ZA,2022-08-20 23:49:08
52,Qaanaaq,77.484,-69.3632,274.88,59,84,1.59,broken clouds,GL,2022-08-20 23:53:04
53,Husavik,66.0449,-17.3389,279.19,96,100,6.86,overcast clouds,IS,2022-08-20 23:53:05
54,Kadoma,34.7333,135.5833,300.18,91,75,1.03,broken clouds,JP,2022-08-20 23:53:05
55,Punta Arenas,-53.15,-70.9167,275.21,75,0,2.57,clear sky,CL,2022-08-20 23:53:06
56,Ribeira Grande,38.5167,-28.7,296.55,74,12,1.22,few clouds,PT,2022-08-20 23:50:08
57,Iqaluit,63.7506,-68.5145,280.0,87,100,2.06,overcast clouds,CA,2022-08-20 23:53:07
58,Tasiilaq,65.6145,-37.6368,275.97,99,100,1.75,light rain,GL,2022-08-20 23:53:08
59,Torbay,47.6666,-52.7314,289.13,93,100,7.15,overcast clouds,CA,2022-08-20 23:53:09
60,Kudahuvadhoo,2.6708,72.8944,301.18,71,71,3.92,broken clouds,MV,2022-08-20 23:53:09
61,Akdepe,42.0551,59.3788,290.2,31,0,6.0,clear sky,TM,2022-08-20 23:53:10
62,Syamzha,60.0158,41.0614,285.52,68,99,1.86,overcast clouds,RU,2022-08-20 23:53:11
63,Aksu,41.1231,80.2644,296.05,39,32,2.48,scattered clouds,CN,2022-08-20 23:53:11
64,Kruisfontein,-34.0033,24.7314,281.97,75,39,3.52,scattered clouds,ZA,2022-08-20 23:50:13
65,Barraute,48.4335,-77.6328,292.3,94,98,1.69,overcast clouds,CA,2022-08-20 23:53:13
66,Saldanha,-33.0117,17.9442,280.18,72,0,2.97,clear sky,ZA,2022-08-20 23:53:13
67,Lyubech,51.7026,30.6569,290.29,66,85,4.25,overcast clouds,UA,2022-08-20 23:53:14
68,Oleksandrivka,48.9634,32.2349,294.55,72,60,3.19,broken clouds,UA,2022-08-20 23:53:15
69,Lagoa,39.05,-27.9833,295.98,78,2,2.99,clear sky,PT,2022-08-20 23:53:15
70,Khetri,27.9833,75.8,298.48,80,67,1.93,broken clouds,IN,2022-08-20 23:53:16
71,Gomel,52.4345,30.9754,290.27,88,0,4.0,clear sky,BY,2022-08-20 23:53:17
72,Vila Franca Do Campo,37.7167,-25.4333,293.38,87,29,1.86,scattered clouds,PT,2022-08-20 23:53:17
73,Nioro,13.35,-15.75,296.53,95,79,2.07,broken clouds,GM,2022-08-20 23:53:18
74,Agadez,19.75,10.25,304.35,38,8,4.79,clear sky,NE,2022-08-20 23:53:19
75,Villarrica,-25.75,-56.4333,283.46,70,0,2.07,clear sky,PY,2022-08-20 23:53:19
76,Promyshlennaya,54.9159,85.6385,283.68,77,100,2.51,overcast clouds,RU,2022-08-20 23:53:20
77,Sioux Lookout,50.1001,-91.917,295.19,53,20,2.06,few clouds,CA,2022-08-20 23:53:20
78,Quelimane,-17.8786,36.8883,294.12,94,75,2.24,broken clouds,MZ,2022-08-20 23:53:21
79,Sinnamary,5.3833,-52.95,299.95,82,98,4.42,overcast clouds,GF,2022-08-20 23:53:22
80,Dikson,73.5069,80.5464,278.56,90,95,4.57,overcast clouds,RU,2022-08-20 23:53:22
81,Namibe,-15.1961,12.1522,289.97,87,18,2.22,few clouds,AO,2022-08-20 23:49:49
82,Boueni,-12.9025,45.0761,296.14,76,3,2.81,clear sky,YT,2022-08-20 23:53:23
83,Alindao,5.0267,21.2088,293.97,97,90,1.08,overcast clouds,CF,2022-08-20 23:53:24
84,Miajadas,39.1513,-5.9084,297.95,26,0,1.46,clear sky,ES,2022-08-20 23:53:24
85,Bambous Virieux,-20.3428,57.7575,295.29,68,75,5.14,light rain,MU,2022-08-20 23:49:06
86,Coquimbo,-29.9533,-71.3436,285.0,93,100,1.54,overcast clouds,CL,2022-08-20 23:53:25
87,Upington,-28.4478,21.2561,278.36,70,0,2.06,clear sky,ZA,2022-08-20 23:53:26
88,Oranjestad,12.524,-70.027,303.12,74,20,9.26,few clouds,AW,2022-08-20 23:50:06
89,Dakar,14.6937,-17.4441,299.64,80,98,10.35,overcast clouds,SN,2022-08-20 23:54:27
90,Salinopolis,-0.6136,-47.3561,299.73,83,69,4.86,broken clouds,BR,2022-08-20 23:54:28
91,Necochea,-38.5473,-58.7368,284.09,55,100,4.28,overcast clouds,AR,2022-08-20 23:54:28
92,Moose Factory,51.2585,-80.6094,291.15,82,100,1.54,overcast clouds,CA,2022-08-20 23:54:29
93,Oranjemund,-28.55,16.4333,284.42,75,0,6.3,clear sky,NA,2022-08-20 23:54:30
94,Saint-Philippe,-21.3585,55.7679,293.92,81,44,5.17,scattered clouds,RE,2022-08-20 23:48:59
95,Alta Floresta,-9.8756,-56.0861,297.87,35,100,1.92,overcast clouds,BR,2022-08-20 23:49:53
96,Montijo,38.7067,-8.9739,295.2,64,0,4.12,clear sky,PT,2022-08-20 23:52:02
97,Kavaratti,10.5669,72.642,300.4,78,100,6.63,overcast clouds,IN,2022-08-20 23:54:31
98,Wingham,43.8879,-81.3114,298.67,80,99,2.98,overcast clouds,CA,2022-08-20 23:54:32
99,Nibbar,36.2941,8.7666,295.53,69,0,1.54,clear sky,TN,2022-08-20 23:54:32
100,Kukmor,56.1855,50.8944,286.0,78,0,1.6,clear sky,RU,2022-08-20 23:54:33
101,Clyde River,70.4692,-68.5914,284.28,66,100,5.14,overcast clouds,CA,2022-08-20 23:54:34
102,Saint George,37.1041,-113.5841,309.48,27,0,6.17,clear sky,US,2022-08-20 23:52:29
103,Abu Samrah,35.3029,37.1841,297.26,70,6,3.34,clear sky,SY,2022-08-20 23:54:35
104,Monte Azul,-15.155,-42.8747,290.74,81,39,5.3,scattered clouds,BR,2022-08-20 23:54:36
105,Dhidhdhoo,6.8833,73.1,300.84,77,98,6.24,overcast clouds,MV,2022-08-20 23:54:37
106,Lethem,3.3803,-59.7968,299.92,70,83,1.02,broken clouds,GY,2022-08-20 23:54:37
107,Quatre Cocos,-20.2078,57.7625,295.21,73,41,6.17,light rain,MU,2022-08-20 23:54:38
108,Yabrud,33.9674,36.6574,293.34,51,1,1.23,clear sky,SY,2022-08-20 23:54:38
109,Urumqi,43.801,87.6005,286.68,44,0,1.0,clear sky,CN,2022-08-20 23:50:17
110,Vardo,70.3705,31.1107,288.49,88,60,7.09,broken clouds,NO,2022-08-20 23:54:39
111,Sur,22.5667,59.5289,304.84,55,82,3.29,broken clouds,OM,2022-08-20 23:54:40
112,Igarka,67.4667,86.5833,277.77,73,50,4.66,scattered clouds,RU,2022-08-20 23:54:41
113,Chake Chake,-5.2459,39.7666,295.27,83,21,3.91,few clouds,TZ,2022-08-20 23:54:41
114,Hukuntsi,-24.0,21.75,281.08,42,0,3.9,clear sky,BW,2022-08-20 23:54:42
115,Cidreira,-30.1811,-50.2056,286.84,76,0,6.98,clear sky,BR,2022-08-20 23:54:43
116,Ostrovnoy,68.0531,39.5131,291.0,78,16,7.69,few clouds,RU,2022-08-20 23:54:43
117,Businga,3.3333,20.8833,294.01,97,47,0.47,scattered clouds,CD,2022-08-20 23:54:44
118,Lebu,-37.6167,-73.65,284.23,89,44,9.3,scattered clouds,CL,2022-08-20 23:48:55
119,Gorom-Gorom,14.4439,-0.2361,299.5,68,97,3.51,overcast clouds,BF,2022-08-20 23:54:45
120,Gamba,-2.65,10.0,294.98,91,43,1.13,scattered clouds,GA,2022-08-20 23:50:12
121,Baijiantan,45.6333,85.1833,291.8,42,78,1.8,broken clouds,CN,2022-08-20 23:54:46
122,Oud-Beijerland,51.8242,4.4125,291.47,80,20,3.09,few clouds,NL,2022-08-20 23:54:47
123,Mayumba,-3.432,10.6554,294.48,92,19,1.28,few clouds,GA,2022-08-20 23:54:48
124,Kamenka,51.3223,42.7678,292.94,23,100,6.86,overcast clouds,RU,2022-08-20 23:54:48
125,Kalevala,65.2,31.1667,289.33,75,14,2.79,few clouds,RU,2022-08-20 23:54:49
126,Otjimbingwe,-22.35,16.1333,286.84,20,37,4.08,scattered clouds,NA,2022-08-20 23:54:49
127,Muisne,0.6,-80.0333,296.29,83,100,3.6,overcast clouds,EC,2022-08-20 23:54:50
128,Sorland,67.667,12.6934,285.07,99,100,3.06,overcast clouds,NO,2022-08-20 23:54:51
129,Sivas,39.7916,37.0019,288.74,86,1,1.09,clear sky,TR,2022-08-20 23:54:51
130,San Borja,-14.8167,-66.85,288.28,56,1,1.28,clear sky,BO,2022-08-20 23:54:52
131,Kutum,14.2,24.6667,294.19,74,95,4.49,overcast clouds,SD,2022-08-20 23:54:52
132,Keti Bandar,24.1447,67.4497,300.41,85,100,5.74,overcast clouds,PK,2022-08-20 23:54:53
133,Goianesia,-15.3175,-49.1175,295.95,33,50,2.65,scattered clouds,BR,2022-08-20 23:54:54
134,San Cristobal,7.7669,-72.225,298.25,96,100,1.85,overcast clouds,VE,2022-08-20 23:54:54
135,Pisco,-13.7,-76.2167,289.18,82,0,6.69,clear sky,PE,2022-08-20 23:54:38
136,Yafran,32.0633,12.5286,294.67,54,0,2.63,clear sky,LY,2022-08-20 23:55:55
137,Phalaborwa,-23.943,31.1411,288.75,55,3,8.38,clear sky,ZA,2022-08-20 23:55:56
138,Touros,-5.1989,-35.4608,296.61,78,82,7.04,broken clouds,BR,2022-08-20 23:54:13
139,Svetlogorsk,52.6333,29.7333,289.37,77,88,4.0,overcast clouds,BY,2022-08-20 23:55:57
140,Knysna,-34.0363,23.0471,281.98,83,28,2.44,scattered clouds,ZA,2022-08-20 23:55:57
141,Codrington,-38.2667,141.9667,282.18,68,18,5.48,few clouds,AU,2022-08-20 23:55:58
142,Potosi,-19.5836,-65.7531,278.18,20,2,1.91,clear sky,BO,2022-08-20 23:55:59
143,Tortoli,39.9256,9.6572,295.61,70,0,2.72,clear sky,IT,2022-08-20 23:55:59
144,San Rafael,-34.6177,-68.3301,288.52,23,74,3.19,broken clouds,AR,2022-08-20 23:56:00
145,Hamilton,39.1834,-84.5333,299.0,83,100,5.14,mist,US,2022-08-20 23:49:00
146,Mahebourg,-20.4081,57.7,295.31,68,75,5.14,broken clouds,MU,2022-08-20 23:56:01
147,Kedrovyy,56.1667,91.8167,284.38,98,100,3.24,overcast clouds,RU,2022-08-20 23:56:01
148,Harper,4.375,-7.7169,296.91,83,77,3.27,broken clouds,LR,2022-08-20 23:56:02
149,Busselton,-33.65,115.3333,286.53,75,100,1.88,overcast clouds,AU,2022-08-20 23:49:04
150,Carutapera,-1.195,-46.02,298.8,82,78,3.23,broken clouds,BR,2022-08-20 23:56:03
151,Coihaique,-45.5752,-72.0662,280.12,93,75,1.54,broken clouds,CL,2022-08-20 23:51:59
152,Bonavista,48.6499,-53.1147,288.7,87,91,7.19,overcast clouds,CA,2022-08-20 23:56:04
153,Bluefield,37.2698,-81.2223,296.52,87,100,1.41,overcast clouds,US,2022-08-20 23:56:05
154,Sao Joao Da Barra,-21.6403,-41.0511,291.94,63,97,5.82,overcast clouds,BR,2022-08-20 23:50:02
155,Victoria,22.2855,114.1577,302.57,89,91,3.58,overcast clouds,HK,2022-08-20 23:46:52
156,Skibbereen,51.55,-9.2667,288.77,94,94,2.15,overcast clouds,IE,2022-08-20 23:50:00
157,La Rioja,42.25,-2.5,291.03,69,90,1.87,overcast clouds,ES,2022-08-20 23:56:06
158,Arraial Do Cabo,-22.9661,-42.0278,292.27,57,100,5.12,overcast clouds,BR,2022-08-20 23:48:58
159,Zavallya,48.2135,30.0156,294.94,70,88,2.48,overcast clouds,UA,2022-08-20 23:56:07
160,Eyl,7.9803,49.8164,297.84,85,100,8.76,overcast clouds,SO,2022-08-20 23:56:08
161,Lusambo,-4.9667,23.45,295.59,74,83,1.31,broken clouds,CD,2022-08-20 23:56:09
162,Lithakia,37.7167,20.8333,298.8,74,0,9.06,clear sky,GR,2022-08-20 23:56:09
163,Marevo,57.3146,32.0804,289.18,70,69,4.14,broken clouds,RU,2022-08-20 23:56:10
164,Kupino,54.3663,77.2981,287.03,62,91,3.05,overcast clouds,RU,2022-08-20 23:56:10
165,Lasa,46.6166,10.7002,287.42,95,24,2.65,few clouds,IT,2022-08-20 23:56:11
166,Dwarka,22.2394,68.9678,300.15,84,100,7.63,overcast clouds,IN,2022-08-20 23:49:55
167,Varkkallai,8.7341,76.7067,299.03,90,100,3.22,overcast clouds,IN,2022-08-20 23:56:12
168,Ancud,-41.8697,-73.8203,282.13,92,62,2.1,broken clouds,CL,2022-08-20 23:56:13
169,Markdale,44.3168,-80.6497,297.98,80,100,1.07,overcast clouds,CA,2022-08-20 23:56:13
170,Finnsnes,69.2296,17.9811,289.68,98,100,1.06,light rain,NO,2022-08-20 23:56:14
171,Grindavik,63.8424,-22.4338,281.12,81,20,8.23,few clouds,IS,2022-08-20 23:51:43
172,Caravelas,-17.7125,-39.2481,293.77,84,33,5.04,scattered clouds,BR,2022-08-20 23:56:15
173,Matay,28.419,30.7792,302.36,37,0,3.13,clear sky,EG,2022-08-20 23:56:16
174,Saint-Pierre,-21.3393,55.4781,293.97,64,75,3.09,broken clouds,RE,2022-08-20 23:53:27
175,Taltal,-25.4,-70.4833,286.44,84,23,1.16,few clouds,CL,2022-08-20 23:56:17
176,Buritis,-15.6178,-46.4233,294.83,52,21,4.39,few clouds,BR,2022-08-20 23:56:17
177,Sakakah,29.9697,40.2064,303.91,18,0,4.29,clear sky,SA,2022-08-20 23:56:18
178,Mabaruma,8.2,-59.7833,297.79,87,78,1.72,broken clouds,GY,2022-08-20 23:56:19
179,Eenhana,-17.4667,16.3333,284.1,25,25,3.51,scattered clouds,NA,2022-08-20 23:56:19
180,Panama City,8.9936,-79.5197,302.12,82,75,3.09,broken clouds,PA,2022-08-20 23:54:22
181,Moyale,3.5167,39.0584,294.09,53,56,5.88,broken clouds,KE,2022-08-20 23:56:20
182,Utete,-7.986,38.758,292.36,95,2,1.25,clear sky,TZ,2022-08-20 23:56:21
183,Amapa,1.0,-52.0,296.07,96,97,1.02,overcast clouds,BR,2022-08-20 23:56:22
184,San Francisco,37.7749,-122.4194,307.77,75,20,8.49,few clouds,US,2022-08-20 23:54:47
185,Barra Patuca,15.8,-84.2833,299.95,85,100,3.11,overcast clouds,HN,2022-08-20 23:57:23
186,Warmbad,-28.45,18.7333,282.27,52,0,2.79,clear sky,NA,2022-08-20 23:57:23
187,Parabel,58.6978,81.4825,281.82,94,100,5.25,overcast clouds,RU,2022-08-20 23:57:24
188,Albany,42.6001,-73.9662,302.51,62,63,1.93,broken clouds,US,2022-08-20 23:46:15
189,Sao Filipe,14.8961,-24.4956,298.56,85,100,0.66,light rain,CV,2022-08-20 23:57:25
190,Kashan,33.9831,51.4364,299.92,8,0,1.03,clear sky,IR,2022-08-20 23:57:26
191,Ambilobe,-13.2,49.05,290.72,84,49,1.88,scattered clouds,MG,2022-08-20 23:57:26
192,Waw,7.7029,27.9953,292.39,95,41,1.35,scattered clouds,SS,2022-08-20 23:57:27
193,Thompson,55.7435,-97.8558,301.24,39,40,6.17,scattered clouds,CA,2022-08-20 23:57:28
194,Margate,51.3813,1.3862,289.43,85,7,0.89,clear sky,GB,2022-08-20 23:49:01
195,Cayenne,4.9333,-52.3333,299.17,89,20,1.03,few clouds,GF,2022-08-20 23:45:28
196,Kemi,65.8596,24.8228,294.02,64,0,6.17,clear sky,FI,2022-08-20 23:57:29
197,Berlevag,70.8578,29.0864,294.12,78,20,9.26,few clouds,NO,2022-08-20 23:57:29
198,Progreso,21.2833,-89.6667,299.88,84,15,5.54,few clouds,MX,2022-08-20 23:57:30
199,Grand Gaube,-20.0064,57.6608,295.37,71,27,1.79,scattered clouds,MU,2022-08-20 23:57:35
200,Jijiga,9.35,42.8,292.28,63,97,7.7,overcast clouds,ET,2022-08-20 23:57:36
201,Banda Aceh,5.5577,95.3222,299.61,79,99,6.01,overcast clouds,ID,2022-08-20 23:49:10
202,Itarema,-2.9248,-39.9167,298.65,76,31,7.29,scattered clouds,BR,2022-08-20 23:55:19
203,Aksarka,66.5606,67.7975,282.2,85,99,3.84,overcast clouds,RU,2022-08-20 23:57:38
204,Taquari,-29.7997,-51.8644,283.33,89,0,1.12,clear sky,BR,2022-08-20 23:57:38
205,Gat,31.61,34.7642,300.04,100,0,1.86,clear sky,IL,2022-08-20 23:55:05
206,Barra Do Garcas,-15.89,-52.2567,297.66,36,2,1.39,clear sky,BR,2022-08-20 23:57:39
207,Hohoe,7.1518,0.4736,293.73,96,56,1.69,broken clouds,GH,2022-08-20 23:57:40
208,Khudumelapye,-23.8833,24.75,280.65,39,0,3.82,clear sky,BW,2022-08-20 23:57:40
209,Sao Jose Da Coroa Grande,-8.8978,-35.1478,295.31,83,22,4.35,few clouds,BR,2022-08-20 23:57:41
210,Belmonte,-15.8631,-38.8828,295.11,76,16,6.11,few clouds,BR,2022-08-20 23:57:41
211,Purpe,64.4803,76.6897,279.1,84,44,5.2,scattered clouds,RU,2022-08-20 23:57:42
212,Ugento,39.9263,18.1574,299.52,61,0,2.61,clear sky,IT,2022-08-20 23:57:43
213,Dingle,10.9995,122.6711,299.83,82,100,1.04,light rain,PH,2022-08-20 23:57:43
214,Melnikovo,56.5558,84.085,283.29,77,100,3.0,overcast clouds,RU,2022-08-20 23:57:44
215,Sharjah,25.3573,55.4033,308.14,51,0,2.06,clear sky,AE,2022-08-20 23:55:52
216,Road Town,18.4167,-64.6167,302.17,79,40,4.63,scattered clouds,VG,2022-08-20 23:57:45
217,Esmeraldas,-19.7625,-44.3139,291.63,78,36,2.93,scattered clouds,BR,2022-08-20 23:57:45
218,Olafsvik,64.8945,-23.7142,280.67,69,76,6.24,broken clouds,IS,2022-08-20 23:57:46
219,Llanes,43.4198,-4.7549,293.36,89,94,2.03,overcast clouds,ES,2022-08-20 23:57:47
220,Caconda,-13.7333,15.0667,285.75,22,38,1.21,scattered clouds,AO,2022-08-20 23:57:47
221,Iranshahr,27.2025,60.6848,304.47,32,63,0.6,broken clouds,IR,2022-08-20 23:57:48
222,Narsaq,60.9167,-46.05,278.54,94,100,0.74,overcast clouds,GL,2022-08-20 23:57:48
223,Shelburne,44.0787,-80.2041,297.59,71,100,1.94,overcast clouds,CA,2022-08-20 23:57:49
224,Oistins,13.0667,-59.5333,300.2,83,40,5.14,scattered clouds,BB,2022-08-20 23:57:50
225,Sechura,-5.5569,-80.8222,291.85,72,18,7.82,few clouds,PE,2022-08-20 23:57:50
226,Maur,30.0833,75.25,299.92,82,72,0.3,broken clouds,IN,2022-08-20 23:57:51
227,Ocala,29.1872,-82.1401,303.14,73,40,3.09,thunderstorm,US,2022-08-20 23:57:52
228,Jalu,29.0331,21.5482,300.06,71,0,6.87,clear sky,LY,2022-08-20 23:57:52
229,Chapais,49.7834,-74.8492,291.03,91,80,2.12,broken clouds,CA,2022-08-20 23:57:53
230,Enkoping,59.6361,17.0777,290.07,82,100,2.19,overcast clouds,SE,2022-08-20 23:57:53
231,Formosa Do Rio Preto,-11.0483,-45.1931,294.88,44,21,1.04,few clouds,BR,2022-08-20 23:58:54
232,Sambava,-14.2667,50.1667,293.38,82,73,2.93,broken clouds,MG,2022-08-20 23:58:55
233,Hoopstad,-27.8327,25.9083,276.8,46,0,2.95,clear sky,ZA,2022-08-20 23:58:56
234,Santo Domingo,18.5001,-69.9886,300.39,83,40,2.57,scattered clouds,DO,2022-08-20 23:55:43
235,Marzuq,14.4,46.4667,300.37,51,98,2.74,overcast clouds,YE,2022-08-20 23:58:57
236,Ballybofey,54.8,-7.7833,283.28,93,33,2.4,scattered clouds,IE,2022-08-20 23:58:57
237,Sinazongwe,-17.2614,27.4618,290.55,26,2,4.91,clear sky,ZM,2022-08-20 23:58:58
238,Vila Velha,-20.3297,-40.2925,292.12,78,75,7.2,broken clouds,BR,2022-08-20 23:49:05
239,Plettenberg Bay,-34.0527,23.3716,282.39,78,40,3.27,scattered clouds,ZA,2022-08-20 23:58:59
240,Adiake,5.2863,-3.304,295.63,93,74,2.03,broken clouds,CI,2022-08-20 23:58:59
241,Pankrushikha,53.8319,80.3406,286.17,70,100,1.82,overcast clouds,RU,2022-08-20 23:59:00
242,Havoysund,70.9963,24.6622,291.28,93,100,8.06,light rain,NO,2022-08-20 23:59:01
243,Capreol,46.706,-80.9225,297.41,60,75,4.63,broken clouds,CA,2022-08-20 23:59:01
244,Tamandare,-8.7597,-35.1047,295.48,81,27,3.82,scattered clouds,BR,2022-08-20 23:59:02
245,Saint-Francois,46.4154,3.9054,286.84,94,0,0.0,clear sky,FR,2022-08-20 23:59:03
246,Filingue,14.3521,3.3168,299.68,72,75,2.76,broken clouds,NE,2022-08-20 23:59:03
247,Andreapol,56.6513,32.2664,288.7,66,99,3.37,overcast clouds,RU,2022-08-20 23:59:04
248,Lesnoy,57.6198,63.0784,283.7,85,88,1.7,overcast clouds,RU,2022-08-20 23:59:04
249,Mozarlandia,-14.7447,-50.5706,300.01,28,53,3.13,broken clouds,BR,2022-08-20 23:59:05
250,Luderitz,-26.6481,15.1594,287.87,50,0,6.35,clear sky,NA,2022-08-20 23:50:10
251,Brae,60.3964,-1.353,284.84,84,51,7.84,light rain,GB,2022-08-20 23:59:06
252,Los Llanos De Aridane,28.6585,-17.9182,294.01,78,0,6.17,clear sky,ES,2022-08-20 23:59:07
253,Codajas,-3.8367,-62.0569,299.47,59,100,1.42,overcast clouds,BR,2022-08-20 23:59:07
254,Usinsk,65.9939,57.5281,289.22,79,82,4.26,broken clouds,RU,2022-08-20 23:59:08
255,Ivdel,60.6911,60.4206,287.92,96,60,0.99,broken clouds,RU,2022-08-20 23:59:09
256,Rio Grande,-32.035,-52.0986,282.56,71,21,4.02,few clouds,BR,2022-08-20 23:59:09
257,Nedjo,9.5046,35.5019,284.83,95,78,0.5,broken clouds,ET,2022-08-20 23:59:10
258,Contai,21.7786,87.7536,299.87,87,88,3.32,overcast clouds,IN,2022-08-20 23:59:11
259,Goundam,16.4145,-3.6708,303.29,51,87,6.32,overcast clouds,ML,2022-08-20 23:59:11
260,Ardakan,32.31,54.0175,297.74,11,0,2.67,clear sky,IR,2022-08-20 23:59:12
261,Cartagena Del Chaira,1.3349,-74.8429,292.67,99,100,2.42,overcast clouds,CO,2022-08-20 23:59:13
262,Benguela,-12.5763,13.4055,293.66,80,58,1.74,broken clouds,AO,2022-08-20 23:59:13
263,Repino,60.1722,29.8691,290.81,73,9,5.43,clear sky,RU,2022-08-20 23:59:14
264,Verin,41.9415,-7.4381,291.25,74,19,2.1,few clouds,ES,2022-08-20 23:59:15
265,Djibo,14.1022,-1.6306,299.98,67,95,2.83,overcast clouds,BF,2022-08-20 23:59:15
266,Vondrozo,-22.8167,47.2833,288.48,88,0,1.43,clear sky,MG,2022-08-20 23:59:16
267,Kidal,18.4411,1.4078,304.51,40,21,1.86,few clouds,ML,2022-08-20 23:59:17
268,Wladyslawowo,54.7909,18.4009,293.9,91,88,3.26,heavy intensity rain,PL,2022-08-20 23:59:17
269,Amalfi,6.9102,-75.0776,288.96,95,99,0.35,overcast clouds,CO,2022-08-20 23:59:18
270,Salalah,17.0151,54.0924,296.83,97,86,3.27,overcast clouds,OM,2022-08-20 23:50:10
271,Saint-Ambroise,48.5501,-71.3324,300.05,50,67,3.6,broken clouds,CA,2022-08-20 23:59:19
272,Piacabucu,-10.4056,-36.4344,295.86,73,24,4.83,few clouds,BR,2022-08-20 23:59:20
273,Castro,-24.7911,-50.0119,280.43,96,100,3.75,overcast clouds,BR,2022-08-20 23:55:56
274,Andros,37.8333,24.9333,300.46,48,0,0.89,clear sky,GR,2022-08-20 23:59:21
275,Nara,34.6851,135.8049,299.8,89,78,0.76,light rain,JP,2022-08-20 23:54:25
276,Marsabit,2.3284,37.9899,290.61,62,62,7.59,broken clouds,KE,2022-08-20 23:59:22
277,Manakara,-22.1333,48.0167,291.77,91,1,3.6,clear sky,MG,2022-08-20 23:59:22
278,Ndola,-12.9587,28.6366,289.42,34,1,2.6,clear sky,ZM,2022-08-20 23:59:23
279,Muros,42.7762,-9.0603,291.86,86,23,2.23,few clouds,ES,2022-08-21 00:00:24
280,Mpika,-11.8343,31.4529,289.9,49,56,2.37,broken clouds,ZM,2022-08-21 00:00:24
281,Abonnema,4.7084,6.7931,297.09,86,98,1.8,overcast clouds,NG,2022-08-21 00:00:25
282,Tipitapa,12.1973,-86.0971,301.59,69,15,3.71,few clouds,NI,2022-08-21 00:00:26
283,Tiznit,29.5833,-9.5,303.81,27,79,1.07,broken clouds,MA,2022-08-21 00:00:26
284,Yar-Sale,66.8333,70.8333,281.4,82,100,3.34,overcast clouds,RU,2022-08-21 00:00:27
285,Bentiu,9.2333,29.8333,293.14,95,92,1.2,overcast clouds,SS,2022-08-21 00:00:28
286,Fort Walton Beach,30.4058,-86.6188,303.14,79,75,3.09,broken clouds,US,2022-08-20 23:55:37
287,Millinocket,45.6573,-68.7098,293.97,67,24,0.35,few clouds,US,2022-08-21 00:00:29
288,Ilhabela,-23.7781,-45.3581,289.52,77,96,2.71,overcast clouds,BR,2022-08-21 00:00:29
289,Trelew,-43.249,-65.3051,280.72,81,14,4.62,few clouds,AR,2022-08-21 00:00:30
290,Chapleau,47.8405,-83.4034,290.2,100,100,2.57,light intensity drizzle,CA,2022-08-21 00:00:31
291,Chute-Aux-Outardes,49.1168,-68.399,291.16,79,86,1.88,overcast clouds,CA,2022-08-21 00:00:31
292,Sangueya,10.7,-14.3667,296.08,94,57,1.35,broken clouds,GN,2022-08-21 00:00:32
293,Gjovik,60.7947,10.6929,284.04,92,27,0.78,scattered clouds,NO,2022-08-21 00:00:33
294,Veraval,20.9,70.3667,299.92,86,92,6.63,light rain,IN,2022-08-21 00:00:34
295,Front Royal,38.9182,-78.1944,300.13,77,0,0.45,clear sky,US,2022-08-20 23:57:26
296,Port Hawkesbury,45.6169,-61.3485,294.92,92,2,2.68,clear sky,CA,2022-08-21 00:00:39
297,Cockburn Town,21.4612,-71.1419,301.76,78,0,8.78,clear sky,TC,2022-08-21 00:00:40
298,Gombe,10.2897,11.1673,295.61,84,91,2.77,overcast clouds,NG,2022-08-21 00:00:44
299,Santa Isabel Do Rio Negro,-0.4139,-65.0192,295.9,96,98,0.93,overcast clouds,BR,2022-08-21 00:00:45
300,Hambantota,6.1241,81.1185,298.87,84,68,7.11,broken clouds,LK,2022-08-21 00:00:46
301,Ponta Delgada,37.7333,-25.6667,293.55,83,20,2.06,few clouds,PT,2022-08-21 00:00:46
302,Baneh,35.9975,45.8853,294.37,20,17,3.13,few clouds,IR,2022-08-21 00:00:47
303,Bubaque,11.2833,-15.8333,299.7,78,84,5.87,broken clouds,GW,2022-08-21 00:00:48
304,Novopokrovka,49.8425,36.5477,294.63,55,93,6.22,overcast clouds,UA,2022-08-21 00:00:48
305,Terra Santa,-2.1042,-56.4869,301.49,43,81,1.45,broken clouds,BR,2022-08-21 00:00:49
306,Damaturu,11.747,11.9608,297.19,79,97,3.34,overcast clouds,NG,2022-08-21 00:00:50
307,Saint-Agapit,46.5629,-71.4352,299.86,84,2,1.18,clear sky,CA,2022-08-20 23:55:50
308,Pafos,34.7667,32.4167,297.17,53,0,3.6,clear sky,CY,2022-08-21 00:00:51
309,Bulawayo,-20.15,28.5833,283.77,22,11,3.13,few clouds,ZW,2022-08-21 00:00:52
310,Camacha,33.0833,-16.3333,292.83,83,40,2.57,scattered clouds,PT,2022-08-21 00:00:52
311,Parakou,9.3372,2.6303,293.99,98,73,1.85,broken clouds,BJ,2022-08-21 00:00:53
312,Tyazhinskiy,56.116,88.524,283.67,90,100,4.09,overcast clouds,RU,2022-08-21 00:00:54
313,Santiago Del Estero,-27.7951,-64.2615,287.95,19,11,3.77,few clouds,AR,2022-08-20 23:59:24
314,Tapes,-30.6733,-51.3958,283.98,82,0,3.47,clear sky,BR,2022-08-21 00:00:56
315,Kurchum,48.5722,83.6542,282.97,61,38,1.93,scattered clouds,KZ,2022-08-21 00:00:56
316,Olinda,-8.0089,-34.8553,296.27,76,29,5.85,scattered clouds,BR,2022-08-21 00:00:57
317,Mezen,65.8522,44.24,287.82,75,16,2.82,few clouds,RU,2022-08-21 00:00:58
318,Turukhansk,65.8167,87.9833,279.05,72,19,2.56,few clouds,RU,2022-08-21 00:00:59
319,Hofn,64.2539,-15.2082,283.52,78,99,2.24,overcast clouds,IS,2022-08-21 00:00:59
320,Guarapari,-20.6667,-40.4975,291.98,73,100,6.91,overcast clouds,BR,2022-08-21 00:01:00
321,Rio Gallegos,-51.6226,-69.2181,277.58,72,59,5.88,broken clouds,AR,2022-08-21 00:01:00
322,Prainha,-1.8,-53.48,300.44,60,38,2.02,scattered clouds,BR,2022-08-21 00:01:01
323,Saint Anthony,45.0205,-93.218,297.09,74,20,5.66,few clouds,US,2022-08-21 00:01:02
324,Limin Khersonisou,35.3162,25.3928,300.95,73,20,1.03,few clouds,GR,2022-08-21 00:01:03
325,Sabzevar,36.2126,57.6819,293.94,26,0,3.18,clear sky,IR,2022-08-21 00:02:03
326,Praia Da Vitoria,38.7333,-27.0667,295.79,90,17,1.6,few clouds,PT,2022-08-21 00:00:37
327,Vilhena,-12.7406,-60.1458,292.44,41,1,2.63,clear sky,BR,2022-08-21 00:02:05
328,Samus,56.7475,84.6992,284.32,78,100,2.88,overcast clouds,RU,2022-08-21 00:02:06
329,Rigaud,45.4793,-74.3024,300.92,59,9,2.77,clear sky,CA,2022-08-21 00:02:07
330,Junin,-34.5838,-60.9433,280.31,45,16,3.58,few clouds,AR,2022-08-21 00:02:08
331,Eirunepe,-6.6603,-69.8736,294.05,63,60,1.6,broken clouds,BR,2022-08-21 00:02:08
332,Sabha,27.0377,14.4283,303.44,25,0,4.18,clear sky,LY,2022-08-21 00:02:09
333,Jamai,22.2,78.5833,294.15,98,100,5.33,overcast clouds,IN,2022-08-21 00:02:09
334,Baracoa,20.3467,-74.4958,300.36,86,10,4.47,clear sky,CU,2022-08-21 00:02:10
335,Coihueco,-36.6167,-71.8333,283.55,91,79,2.33,broken clouds,CL,2022-08-21 00:02:11
336,Hjorring,57.4642,9.9823,285.86,90,1,4.18,clear sky,DK,2022-08-21 00:02:11
337,Belyy,55.8402,32.9419,289.64,59,100,3.25,overcast clouds,RU,2022-08-21 00:02:12
338,Umm Kaddadah,13.6017,26.6876,298.24,62,82,3.03,broken clouds,SD,2022-08-21 00:02:13
339,Indiaroba,-11.5192,-37.5117,294.55,83,25,2.31,scattered clouds,BR,2022-08-21 00:02:13
340,Caucaia,-3.7361,-38.6531,299.28,75,65,4.89,broken clouds,BR,2022-08-21 00:02:14
341,Richards Bay,-28.783,32.0377,289.73,55,27,7.88,scattered clouds,ZA,2022-08-21 00:02:15
342,Abu Kamal,34.4506,40.9171,303.45,22,0,3.5,clear sky,SY,2022-08-21 00:02:16
343,Vestmanna,62.1564,-7.1664,281.66,100,100,5.66,light rain,FO,2022-08-21 00:02:16
344,Wattegama,6.7989,81.4808,296.83,84,81,2.05,broken clouds,LK,2022-08-21 00:02:17
345,Hurghada,27.2574,33.8129,302.8,48,0,7.3,clear sky,EG,2022-08-21 00:00:17
346,Constitucion,-35.3333,-72.4167,285.36,86,100,3.1,overcast clouds,CL,2022-08-20 23:58:52
347,Henties Bay,-22.116,14.2845,288.65,55,35,3.94,scattered clouds,NA,2022-08-21 00:02:18
348,Nexo,55.0607,15.1306,292.2,65,93,5.88,overcast clouds,DK,2022-08-21 00:02:19
349,Biskamzha,53.4497,89.5272,280.3,99,100,0.59,overcast clouds,RU,2022-08-21 00:02:19
350,Viedma,-40.8135,-62.9967,281.34,94,2,5.38,clear sky,AR,2022-08-21 00:02:20
351,Abnub,27.2696,31.1511,303.63,28,1,3.72,clear sky,EG,2022-08-21 00:02:21
352,Inirida,3.8653,-67.9239,295.95,98,93,1.42,overcast clouds,CO,2022-08-21 00:02:22
353,Pereyaslovskaya,45.8412,39.0238,295.66,55,67,6.59,broken clouds,RU,2022-08-21 00:02:22
354,Dabakala,8.3667,-4.4333,294.31,97,93,1.7,overcast clouds,CI,2022-08-21 00:02:23
355,Galle,6.0367,80.217,298.93,86,95,5.1,overcast clouds,LK,2022-08-21 00:00:31
356,Hirson,49.9226,4.0826,288.94,72,30,1.22,scattered clouds,FR,2022-08-21 00:02:24
357,Presidencia Roque Saenz Pena,-26.7852,-60.4388,284.49,42,0,2.99,clear sky,AR,2022-08-21 00:02:25
358,Vryburg,-26.9566,24.7284,279.31,40,0,3.59,clear sky,ZA,2022-08-21 00:02:25
359,Troitsko-Pechorsk,62.7084,56.1964,288.71,79,5,2.28,clear sky,RU,2022-08-21 00:02:26
360,Calamar,10.2511,-74.9146,299.65,91,100,4.64,overcast clouds,CO,2022-08-21 00:02:26
361,Farah,32.5,62.5,297.45,15,33,1.48,scattered clouds,AF,2022-08-21 00:02:27
362,Komyshany,46.6372,32.5072,296.85,62,58,2.65,broken clouds,UA,2022-08-21 00:02:28
363,Abu Zabad,12.35,29.25,294.03,93,97,3.61,overcast clouds,SD,2022-08-21 00:02:28
364,Andenes,69.3143,16.1194,285.33,94,100,2.06,overcast clouds,NO,2022-08-21 00:02:29
365,Kotelnich,58.3089,48.348,284.69,68,0,0.56,clear sky,RU,2022-08-21 00:02:30
366,Marathon,44.9,-89.7668,295.73,81,0,1.54,clear sky,US,2022-08-21 00:02:30
367,Nisia Floresta,-6.0911,-35.2086,295.67,76,91,5.12,overcast clouds,BR,2022-08-21 00:02:31
368,Riyadh,24.6877,46.7219,305.67,21,1,1.07,clear sky,SA,2022-08-21 00:01:39
369,Puerto Del Rosario,28.5004,-13.8627,298.01,69,0,2.57,clear sky,ES,2022-08-21 00:02:32
370,Watsa,3.0372,29.5355,288.72,98,43,1.07,scattered clouds,CD,2022-08-21 00:02:32
371,Brest,52.1,23.7,289.54,91,74,2.65,broken clouds,BY,2022-08-21 00:03:33
372,Maribo,54.7766,11.5002,289.25,84,92,3.27,overcast clouds,DK,2022-08-21 00:03:34
373,La Troncal,-2.4,-79.3333,298.51,68,65,1.33,broken clouds,EC,2022-08-21 00:03:34
374,Kurkino,53.4257,38.6582,289.72,43,100,5.02,overcast clouds,RU,2022-08-21 00:03:35
375,Bud,39.447,-86.1758,300.27,72,70,2.34,broken clouds,US,2022-08-21 00:03:35
376,Saint-Augustin,51.226,-58.6502,288.4,89,99,1.69,overcast clouds,CA,2022-08-21 00:03:36
377,Fredericksburg,38.3032,-77.4605,300.66,76,75,1.54,broken clouds,US,2022-08-21 00:03:02
378,Camacupa,-12.0167,17.4833,286.7,26,21,2.43,few clouds,AO,2022-08-21 00:03:37
379,Port-Gentil,-0.7193,8.7815,297.0,85,17,2.28,few clouds,GA,2022-08-21 00:01:41
380,Volodarka,49.5248,29.9122,292.04,88,92,2.42,overcast clouds,UA,2022-08-21 00:03:38
381,Batamshinskiy,50.5594,58.2747,290.53,58,11,3.77,few clouds,KZ,2022-08-21 00:03:39
382,Kirillov,59.863,38.3813,287.54,57,98,1.67,overcast clouds,RU,2022-08-21 00:03:39
383,Sibiti,-3.6819,13.3499,295.76,66,43,1.8,scattered clouds,CG,2022-08-21 00:03:40
384,Guayaramerin,-10.8368,-65.3614,294.11,31,47,1.85,scattered clouds,BO,2022-08-21 00:03:40
385,Jutai,-5.1833,-68.9,295.63,68,93,0.29,overcast clouds,BR,2022-08-21 00:03:41
386,Tekeli,44.83,78.8239,277.91,58,0,2.67,clear sky,KZ,2022-08-21 00:03:42
387,Luanda,-8.8368,13.2343,292.31,89,86,1.9,overcast clouds,AO,2022-08-21 00:03:42
388,Ferrol,43.4832,-8.2369,292.44,93,67,0.8,broken clouds,ES,2022-08-21 00:03:43
389,Scarborough,54.2797,-0.4044,290.91,81,51,6.27,light rain,GB,2022-08-21 00:02:43
390,Sainthia,23.95,87.6667,298.44,95,27,3.47,scattered clouds,IN,2022-08-21 00:03:44
391,Gidole,5.65,37.3667,288.26,69,95,0.83,light rain,ET,2022-08-21 00:03:44
392,Cerrito,6.8432,-72.694,285.7,91,100,0.9,overcast clouds,CO,2022-08-21 00:03:45
393,Albanel,48.8832,-72.4487,294.94,68,56,0.07,broken clouds,CA,2022-08-21 00:03:46
394,Paamiut,61.994,-49.6678,277.91,86,100,8.08,overcast clouds,GL,2022-08-21 00:03:47
395,Khorixas,-20.3667,14.9667,288.23,17,58,4.42,broken clouds,NA,2022-08-21 00:03:47
396,Bojnurd,37.4747,57.329,290.88,32,0,0.92,clear sky,IR,2022-08-21 00:03:48
397,Meulaboh,4.1363,96.1285,297.33,87,99,1.39,overcast clouds,ID,2022-08-21 00:03:48
398,Mahon,39.8885,4.2658,298.46,69,0,2.57,clear sky,ES,2022-08-21 00:03:49
399,Rocha,-34.4833,-54.3333,280.55,75,0,2.6,clear sky,UY,2022-08-21 00:03:50
400,Antofagasta,-23.65,-70.4,286.75,85,43,2.0,scattered clouds,CL,2022-08-21 00:03:50
401,Korla,41.7597,86.1469,295.5,39,62,7.32,broken clouds,CN,2022-08-21 00:02:26
402,Havelock,34.8791,-76.9013,300.34,87,90,2.78,overcast clouds,US,2022-08-21 00:03:51
403,Alipur,29.3846,70.9116,300.04,85,91,2.3,overcast clouds,PK,2022-08-21 00:03:52
404,Russas,-4.9403,-37.9758,295.66,89,79,1.69,broken clouds,BR,2022-08-21 00:03:52
405,Ajaccio,42.0,8.9167,293.18,83,75,2.06,broken clouds,FR,2022-08-21 00:03:53
406,Boyuibe,-20.4167,-63.2833,282.87,22,0,1.21,clear sky,BO,2022-08-21 00:03:54
407,Roald,62.5833,6.1333,289.91,77,100,2.06,light rain,NO,2022-08-21 00:03:54
408,Barmer,25.75,71.3833,299.46,82,98,5.65,overcast clouds,IN,2022-08-21 00:03:55
409,Lima,-12.0432,-77.0282,290.32,80,100,5.66,light intensity drizzle,PE,2022-08-21 00:03:43
410,Qasigiannguit,68.8193,-51.1922,277.29,88,98,3.15,overcast clouds,GL,2022-08-21 00:03:56
411,Gusau,12.1628,6.6614,295.6,87,56,2.84,broken clouds,NG,2022-08-21 00:03:56
412,Koumra,8.9126,17.5539,295.72,88,100,1.54,overcast clouds,TD,2022-08-21 00:03:57
413,Sept-Iles,50.2001,-66.3821,291.66,73,84,1.2,broken clouds,CA,2022-08-21 00:00:03
414,Nicoya,10.1483,-85.452,298.32,87,78,1.62,broken clouds,CR,2022-08-21 00:03:58
415,Briancon,44.9,6.65,288.12,92,52,2.08,broken clouds,FR,2022-08-21 00:03:59
416,Loanda,-8.8368,13.2343,292.31,89,86,1.9,overcast clouds,AO,2022-08-21 00:03:59
417,Comarapa,-17.9,-64.4833,281.07,71,0,0.71,clear sky,BO,2022-08-21 00:04:02
418,Fort Portal,0.6617,30.2748,287.12,91,42,0.9,scattered clouds,UG,2022-08-21 00:04:03
419,Bermejo,-32.8833,-68.8,288.16,21,37,0.39,scattered clouds,AR,2022-08-21 00:05:04
420,La Ceiba,15.7597,-86.7822,297.05,83,75,1.03,broken clouds,HN,2022-08-21 00:05:04
421,Newcastleton,55.1796,-2.8127,285.34,94,33,1.59,scattered clouds,GB,2022-08-21 00:05:05
422,Springbok,-29.6643,17.8865,279.03,67,0,2.55,clear sky,ZA,2022-08-21 00:05:06
423,Adrar,20.5022,-10.0711,305.95,35,85,8.44,overcast clouds,MR,2022-08-21 00:05:06
424,Marystown,47.1666,-55.1483,291.05,89,38,2.91,scattered clouds,CA,2022-08-21 00:05:07
425,Suez,29.9737,32.5263,299.38,61,7,2.97,clear sky,EG,2022-08-21 00:05:08
426,Pljevlja,43.3333,19.3333,288.64,96,58,0.95,broken clouds,ME,2022-08-21 00:05:08
427,Kasama,-10.2129,31.1808,293.34,40,94,1.14,overcast clouds,ZM,2022-08-21 00:05:09
428,San Luis,-33.295,-66.3356,285.42,25,10,1.47,clear sky,AR,2022-08-21 00:05:09
429,Romitan,39.9343,64.3814,291.12,29,0,8.23,clear sky,UZ,2022-08-21 00:05:10
430,Energetik,51.7445,58.7934,290.3,71,50,3.11,scattered clouds,RU,2022-08-21 00:05:11
431,Honningsvag,70.9821,25.9704,291.01,82,75,7.2,broken clouds,NO,2022-08-21 00:05:12
432,Salmas,38.1973,44.7653,291.62,39,15,0.4,few clouds,IR,2022-08-21 00:05:12
433,Escanaba,45.7453,-87.0646,295.51,86,0,0.0,clear sky,US,2022-08-21 00:05:13
434,Porto Belo,-27.1578,-48.5531,287.18,79,65,0.76,broken clouds,BR,2022-08-21 00:04:08
435,Hobyo,5.3505,48.5268,297.84,87,100,10.61,overcast clouds,SO,2022-08-21 00:05:14
436,Hun,29.1268,15.9477,300.06,55,0,3.14,clear sky,LY,2022-08-21 00:05:15
437,Puerto Cabezas,14.0351,-83.3888,299.64,84,71,2.8,broken clouds,NI,2022-08-21 00:05:15
438,Villazon,-22.0866,-65.5942,278.93,17,0,3.59,clear sky,BO,2022-08-21 00:05:16
439,Santa Maria Da Vitoria,-13.3947,-44.1886,295.74,48,68,4.37,broken clouds,BR,2022-08-21 00:05:17
440,Trinidad,-14.8333,-64.9,288.31,48,2,1.98,clear sky,BO,2022-08-21 00:05:17
441,Tornio,65.8481,24.1466,294.16,94,90,7.11,overcast clouds,FI,2022-08-21 00:05:18
442,Ordzhonikidze,52.4411,61.7408,288.38,96,85,3.48,overcast clouds,KZ,2022-08-21 00:05:19
443,Makat,47.6469,53.3463,293.98,32,76,3.38,broken clouds,KZ,2022-08-21 00:05:19
444,Bani,18.2833,-70.3333,300.29,74,80,5.12,broken clouds,DO,2022-08-21 00:05:20
445,Puerto Carreno,6.189,-67.4859,297.04,92,100,3.6,overcast clouds,CO,2022-08-21 00:05:21
446,Santa Vitoria Do Palmar,-33.5189,-53.3681,281.28,75,29,2.23,scattered clouds,BR,2022-08-21 00:05:21
447,Odienne,9.51,-7.5692,293.98,97,98,1.45,overcast clouds,CI,2022-08-21 00:05:22
448,Oktyabrskoye,43.0645,44.7417,290.23,93,50,2.0,scattered clouds,RU,2022-08-21 00:05:23
449,Isiro,2.7739,27.616,289.9,98,75,1.03,broken clouds,CD,2022-08-21 00:05:24
450,Charlottesville,38.0293,-78.4767,300.01,89,88,0.45,overcast clouds,US,2022-08-21 00:04:47
451,Thyboron,56.6985,8.2124,286.58,81,3,6.52,clear sky,DK,2022-08-21 00:05:25
452,Mpongwe,-13.5091,28.155,289.47,27,0,2.53,clear sky,ZM,2022-08-21 00:05:25
453,Voznesenye,61.0106,35.4781,290.06,59,60,3.72,broken clouds,RU,2022-08-21 00:05:26
454,Maniitsoq,65.4167,-52.9,277.32,82,90,3.51,overcast clouds,GL,2022-08-21 00:05:27
455,Kant,27.8,79.8,297.92,86,94,2.2,overcast clouds,IN,2022-08-21 00:05:27
456,Morgantown,39.6295,-79.9559,299.62,77,20,2.57,few clouds,US,2022-08-21 00:05:28
457,Kuytun,54.3419,101.5036,281.98,92,100,3.35,overcast clouds,RU,2022-08-21 00:05:28
458,Danville,36.586,-79.395,300.39,85,81,2.06,broken clouds,US,2022-08-21 00:01:14
459,Zabid,14.1951,43.3152,303.37,50,100,3.04,overcast clouds,YE,2022-08-21 00:05:29
460,Pasni,25.2631,63.471,300.38,84,100,3.28,overcast clouds,PK,2022-08-21 00:05:30
461,Keshorai Patan,25.3,75.9333,297.92,91,96,3.36,heavy intensity rain,IN,2022-08-21 00:05:31
462,Hvide Sande,56.0045,8.1294,287.09,77,1,6.69,clear sky,DK,2022-08-21 00:05:31
463,Jacareacanga,-6.2222,-57.7528,300.89,44,92,0.35,overcast clouds,BR,2022-08-21 00:05:32
464,Marilia,-22.2139,-49.9458,286.93,68,82,5.84,broken clouds,BR,2022-08-21 00:02:13
465,Sao Gabriel Da Cachoeira,-0.1303,-67.0892,295.07,98,97,0.96,overcast clouds,BR,2022-08-21 00:06:33
466,Malinovskiy,61.1953,62.8397,285.76,58,97,1.99,overcast clouds,RU,2022-08-21 00:06:34
467,Maltahohe,-24.8333,16.9833,281.63,27,0,5.0,clear sky,NA,2022-08-21 00:06:35
468,Derzhavinsk,51.1,66.3167,286.82,59,70,3.01,broken clouds,KZ,2022-08-21 00:06:35
469,Nizhniy Odes,63.6445,54.856,288.39,73,1,2.23,clear sky,RU,2022-08-21 00:06:36
470,Mogadishu,2.0371,45.3438,297.64,88,76,7.88,broken clouds,SO,2022-08-21 00:05:22
471,Yefremov,53.1481,38.0992,291.39,39,100,5.18,overcast clouds,RU,2022-08-21 00:06:37
472,Paramonga,-10.6667,-77.8333,289.61,84,19,3.43,few clouds,PE,2022-08-21 00:06:38
473,Seydi,39.4816,62.9137,293.95,21,0,7.78,clear sky,TM,2022-08-21 00:06:38
474,Novoagansk,61.9449,76.6625,280.03,81,45,4.68,scattered clouds,RU,2022-08-21 00:06:39
475,Balotra,25.8333,72.2333,300.65,80,100,5.3,overcast clouds,IN,2022-08-21 00:06:39
476,Santarem,-2.4431,-54.7083,301.68,56,62,1.47,broken clouds,BR,2022-08-21 00:06:40
477,Bandarbeyla,9.4942,50.8122,297.89,85,100,11.68,overcast clouds,SO,2022-08-21 00:06:41
478,Micheweni,-4.9667,39.8333,295.99,82,14,5.02,few clouds,TZ,2022-08-21 00:06:41
479,Thinadhoo,0.5333,72.9333,300.74,75,90,3.91,overcast clouds,MV,2022-08-21 00:06:42
480,Ouadda,8.0777,22.4007,292.7,96,97,0.95,overcast clouds,CF,2022-08-21 00:06:42
481,Las Mercedes,9.1102,-66.3972,296.41,96,100,3.44,overcast clouds,VE,2022-08-21 00:06:43
482,Batman,37.8874,41.1322,293.04,64,0,1.03,clear sky,TR,2022-08-21 00:06:44
483,Ponazyrevo,58.3578,46.3142,284.48,76,15,0.92,few clouds,RU,2022-08-21 00:06:44
484,Vrsac,45.1167,21.3036,293.66,100,100,0.51,light rain,RS,2022-08-21 00:02:56
485,Awjilah,29.1081,21.2869,299.81,72,0,6.33,clear sky,LY,2022-08-21 00:06:46
486,Jasper,37.2001,-94.3502,304.82,48,100,3.6,overcast clouds,US,2022-08-21 00:06:46
487,Nuevitas,21.5453,-77.2644,300.94,78,6,5.12,clear sky,CU,2022-08-21 00:06:47
488,Clarence Town,-32.5833,151.7833,289.34,61,69,2.2,broken clouds,AU,2022-08-21 00:06:48
489,Cap Malheureux,-19.9842,57.6142,294.52,71,20,1.79,few clouds,MU,2022-08-21 00:01:57
490,Koulikoro,14.0,-7.75,297.13,73,91,3.24,overcast clouds,ML,2022-08-21 00:06:50
491,Ozinki,51.1786,49.6769,289.83,37,39,3.5,scattered clouds,RU,2022-08-21 00:06:50
492,Killybegs,54.6333,-8.45,286.38,77,74,6.88,broken clouds,IE,2022-08-21 00:06:51
493,Staryy Nadym,65.6118,72.6842,281.01,68,99,3.18,overcast clouds,RU,2022-08-21 00:06:52
494,Lugovoy,42.9472,72.7644,283.74,55,0,1.38,clear sky,KZ,2022-08-21 00:06:52
495,Joshimath,30.5667,79.5667,293.79,77,90,1.05,overcast clouds,IN,2022-08-21 00:06:55
496,Thouars,46.976,-0.2151,291.04,71,86,2.8,overcast clouds,FR,2022-08-21 00:06:55
497,Lovozero,68.005,35.0117,290.46,85,40,3.74,scattered clouds,RU,2022-08-21 00:06:56
498,Mumbwa,-14.9783,27.0619,288.04,26,6,2.16,clear sky,ZM,2022-08-21 00:06:56
499,Avila,40.5833,-5.0,292.45,28,10,3.21,clear sky,ES,2022-08-21 00:06:57
500,Peniche,39.3558,-9.3811,291.09,90,4,6.6,clear sky,PT,2022-08-21 00:06:58
501,Lagos,6.5833,3.75,295.18,92,59,1.43,broken clouds,NG,2022-08-21 00:02:09
502,Tessalit,20.1986,1.0114,301.84,48,75,8.57,broken clouds,ML,2022-08-21 00:02:13
503,Kyzyl-Suu,42.3414,78.0056,281.72,77,0,2.14,clear sky,KG,2022-08-21 00:06:59
504,Barwala,29.3833,75.9167,300.21,82,48,0.14,scattered clouds,IN,2022-08-21 00:07:00
505,Misratah,32.3754,15.0925,300.11,64,0,7.42,clear sky,LY,2022-08-21 00:07:01
506,San Miguelito,9.0333,-79.5,300.34,80,100,2.33,overcast clouds,PA,2022-08-21 00:07:06
507,Midland,31.9974,-102.0779,295.55,76,100,3.09,thunderstorm with heavy rain,US,2022-08-21 00:05:58
508,Akhtanizovskaya,45.32,37.1,295.41,70,0,4.26,light rain,RU,2022-08-21 00:08:07
509,Havre-Saint-Pierre,50.2334,-63.5986,291.65,74,58,3.01,broken clouds,CA,2022-08-21 00:08:07
510,Liverpool,53.4106,-2.9779,289.34,86,75,3.09,broken clouds,GB,2022-08-21 00:06:10
511,Santa Barbara,34.7333,-120.0343,300.93,46,0,4.63,clear sky,US,2022-08-21 00:08:08
512,Carnarvon,-24.8667,113.6333,292.58,40,0,3.06,clear sky,AU,2022-08-21 00:08:09
513,Turtas,58.9417,69.1325,278.58,88,18,2.27,few clouds,RU,2022-08-21 00:08:14
514,Taormina,37.8536,15.2885,298.71,74,22,3.11,few clouds,IT,2022-08-21 00:08:15
515,Malindi,-3.2175,40.1191,296.73,79,27,7.13,scattered clouds,KE,2022-08-21 00:08:16
516,Natal,-5.795,-35.2094,296.58,74,94,5.8,overcast clouds,BR,2022-08-21 00:08:16
517,Abu Dhabi,24.4667,54.3667,305.21,59,82,4.16,broken clouds,AE,2022-08-21 00:07:20
518,Paracatu,-17.2222,-46.8747,295.99,43,41,6.78,scattered clouds,BR,2022-08-21 00:08:17
519,Chabahar,25.2919,60.643,300.63,81,77,4.74,broken clouds,IR,2022-08-21 00:08:18
520,Nezhinka,51.7676,55.3694,286.24,76,0,1.0,clear sky,RU,2022-08-21 00:08:19
521,Qaqortoq,60.7167,-46.0333,278.37,93,100,0.95,overcast clouds,GL,2022-08-21 00:08:19
522,Cabedelo,-6.9811,-34.8339,297.52,77,63,6.18,broken clouds,BR,2022-08-21 00:08:20
523,Okakarara,-20.5833,17.4333,279.88,26,95,2.46,overcast clouds,NA,2022-08-21 00:08:20
524,Sergeyevka,53.88,67.4158,286.69,98,100,2.89,overcast clouds,KZ,2022-08-21 00:08:21
525,Aljezur,37.3191,-8.8033,292.64,76,2,3.33,clear sky,PT,2022-08-21 00:08:22
526,Dudinka,69.4058,86.1778,277.94,80,14,5.44,few clouds,RU,2022-08-21 00:08:22
527,Marawi,7.9986,124.2928,297.27,77,85,0.54,overcast clouds,PH,2022-08-21 00:08:23
528,Vigeland,58.0844,7.305,290.9,84,57,3.87,broken clouds,NO,2022-08-21 00:08:23
529,Salta,-24.7859,-65.4117,285.14,33,1,0.89,clear sky,AR,2022-08-21 00:08:24
530,Skegness,53.1436,0.3363,291.51,71,54,6.52,broken clouds,GB,2022-08-21 00:08:25
531,Chipinge,-20.1883,32.6236,285.73,40,3,0.59,clear sky,ZW,2022-08-21 00:08:25
532,Samoded,63.6083,40.5111,286.0,74,5,2.45,clear sky,RU,2022-08-21 00:08:26
533,Katiola,8.1333,-5.1,293.94,95,94,1.61,overcast clouds,CI,2022-08-21 00:08:27
534,Kaduqli,11.0167,29.7167,293.06,93,92,1.49,overcast clouds,SD,2022-08-21 00:08:27
535,Zapolyarnyy,69.4154,30.8136,290.75,86,50,5.72,scattered clouds,RU,2022-08-21 00:08:28
536,Lukulu,-14.3707,23.242,285.48,22,13,2.98,few clouds,ZM,2022-08-21 00:08:28
537,Nileshwar,12.25,75.1,297.99,84,98,2.17,overcast clouds,IN,2022-08-21 00:08:29
538,Pemba,-12.974,40.5178,296.24,80,14,3.53,few clouds,MZ,2022-08-21 00:08:30
539,Cap-Aux-Meules,47.3821,-61.8597,293.06,78,1,3.08,clear sky,CA,2022-08-21 00:06:15
540,Ormara,25.2088,64.6357,300.62,86,98,4.34,overcast clouds,PK,2022-08-21 00:08:31
541,Monrovia,6.3005,-10.7969,297.36,82,94,3.09,overcast clouds,LR,2022-08-21 00:08:32
542,Ous,60.9058,61.5186,286.4,76,79,1.77,broken clouds,RU,2022-08-21 00:08:32
543,Kyshtovka,56.555,76.6271,285.18,99,98,2.44,light rain,RU,2022-08-21 00:08:35
544,Tabou,4.423,-7.3528,296.77,83,62,2.92,broken clouds,CI,2022-08-21 00:08:35
545,Nieuw Amsterdam,5.8833,-55.0833,300.38,86,96,4.08,overcast clouds,SR,2022-08-21 00:08:36
546,Taurage,55.2522,22.2897,291.01,93,93,3.6,overcast clouds,LT,2022-08-21 00:08:37
547,Dosso,13.049,3.1937,297.58,83,30,2.6,scattered clouds,NE,2022-08-21 00:08:37
548,Cavalcante,-13.7975,-47.4583,294.26,35,52,3.16,broken clouds,BR,2022-08-21 00:08:38
549,Great Yarmouth,52.6083,1.7305,291.29,68,33,5.7,scattered clouds,GB,2022-08-21 00:08:38
550,Bennington,42.8781,-73.1968,298.69,73,61,1.84,broken clouds,US,2022-08-21 00:08:39
551,Khuzdar,27.7384,66.6434,296.29,80,100,1.9,overcast clouds,PK,2022-08-21 00:08:40
552,Bandar-E Lengeh,26.5579,54.8807,305.21,71,0,5.23,clear sky,IR,2022-08-21 00:08:40
553,Najran,17.4924,44.1277,300.24,58,96,3.78,overcast clouds,SA,2022-08-21 00:08:41
554,Weligama,5.9667,80.4167,298.6,86,97,4.52,overcast clouds,LK,2022-08-21 00:09:17
555,Kollo,13.3043,2.339,298.21,77,51,2.43,broken clouds,NE,2022-08-21 00:09:42
556,Bandrele,-12.9067,45.1914,296.01,83,0,1.03,clear sky,YT,2022-08-21 00:09:42
557,Gayny,60.3071,54.3241,286.11,73,7,1.82,clear sky,RU,2022-08-21 00:09:43
558,Bilma,18.6853,12.9164,306.94,35,55,4.67,broken clouds,NE,2022-08-21 00:09:44
559,Ostersund,63.1792,14.6357,289.4,100,81,2.57,broken clouds,SE,2022-08-21 00:09:44
560,Neuquen,-38.9516,-68.0591,287.38,51,79,8.1,broken clouds,AR,2022-08-21 00:09:45
561,Kresttsy,58.2452,32.5165,289.55,66,52,4.31,moderate rain,RU,2022-08-21 00:09:45
562,Eisenerz,47.5333,14.8833,286.73,97,100,2.32,overcast clouds,AT,2022-08-21 00:09:46
563,Katete,-0.7818,29.7544,289.37,93,89,1.16,overcast clouds,UG,2022-08-21 00:09:47
564,Kulhudhuffushi,6.6221,73.07,300.84,77,100,6.04,overcast clouds,MV,2022-08-21 00:09:47
565,Taoudenni,22.6783,-3.9836,310.57,14,61,2.07,broken clouds,ML,2022-08-21 00:09:48
566,Pedernales,18.0384,-71.744,301.69,73,44,1.45,scattered clouds,DO,2022-08-21 00:09:48
567,Ensley,30.5188,-87.2728,302.36,82,0,1.54,clear sky,US,2022-08-21 00:09:49
568,Durazno,-33.4131,-56.5006,279.81,74,0,2.91,clear sky,UY,2022-08-21 00:09:50
569,Faya,18.3851,42.4509,290.44,82,61,2.7,broken clouds,SA,2022-08-21 00:09:50
570,Otse,-25.0167,25.7333,279.49,38,0,2.07,clear sky,BW,2022-08-21 00:09:51
571,Ntcheu,-14.8203,34.6359,290.93,69,23,1.56,few clouds,MW,2022-08-21 00:09:51
572,Ouallam,14.3188,2.0866,299.95,69,76,3.25,broken clouds,NE,2022-08-21 00:09:52
573,Manga,11.6636,-1.0731,295.44,94,97,2.5,overcast clouds,BF,2022-08-21 00:09:53
574,Iralaya,15.0,-83.2333,299.87,86,100,3.64,overcast clouds,HN,2022-08-21 00:09:53
575,Zenzeli,45.9241,47.0474,297.56,38,92,11.31,overcast clouds,RU,2022-08-21 00:09:54
576,Puerto Quijarro,-17.7833,-57.7667,290.29,46,0,1.77,clear sky,BO,2022-08-21 00:09:54
577,Bahia Blanca,-38.7196,-62.2724,284.1,67,70,4.28,broken clouds,AR,2022-08-21 00:09:55
578,Ostuni,40.7276,17.5764,296.25,72,0,2.66,clear sky,IT,2022-08-21 00:09:56
579,Maceio,-9.6658,-35.7353,296.06,79,26,5.06,scattered clouds,BR,2022-08-21 00:09:56
580,Maragogi,-9.0122,-35.2225,295.02,84,17,4.41,few clouds,BR,2022-08-21 00:09:57
581,Oron,4.8256,8.2343,296.54,92,75,1.03,broken clouds,NG,2022-08-21 00:09:58
582,Burgeo,47.6167,-57.6152,291.57,88,23,4.68,few clouds,CA,2022-08-21 00:09:58
583,Gulmarg,34.049,74.3921,284.9,86,56,0.36,broken clouds,IN,2022-08-21 00:09:59
584,Silifke,36.3778,33.9344,300.01,79,0,2.97,clear sky,TR,2022-08-21 00:09:59
585,Villa Florida,-26.3833,-57.15,283.86,64,0,2.32,clear sky,PY,2022-08-21 00:10:00
586,Goderich,43.7501,-81.7165,295.88,84,100,5.98,overcast clouds,CA,2022-08-21 00:10:01
587,Yangambi,0.8102,24.4336,293.3,94,67,0.27,broken clouds,CD,2022-08-21 00:10:01
588,San Carlos,9.6612,-68.5827,295.37,98,100,1.18,overcast clouds,VE,2022-08-21 00:10:04
589,Muborak,39.2553,65.1528,293.82,18,0,8.78,clear sky,UZ,2022-08-21 00:10:04
590,Winneba,5.3511,-0.6231,295.03,93,70,2.92,broken clouds,GH,2022-08-21 00:10:05
591,Werda,-25.2667,23.2833,282.21,40,0,3.32,clear sky,BW,2022-08-21 00:10:06
592,Giraltovce,49.114,21.5173,294.9,83,73,1.88,broken clouds,SK,2022-08-21 00:10:07
593,Sankt Georgen,47.1425,16.5815,289.9,85,99,1.63,overcast clouds,HU,2022-08-21 00:10:08
594,Bedford,52.1346,-0.4663,290.98,69,18,4.21,few clouds,GB,2022-08-21 00:08:08
595,George Town,5.4112,100.3354,298.12,91,40,1.54,scattered clouds,MY,2022-08-21 00:09:54
596,San Antonio,29.4241,-98.4936,308.41,48,20,9.26,few clouds,US,2022-08-21 00:10:09
597,Kolosovka,56.4678,73.611,284.79,97,100,4.73,light rain,RU,2022-08-21 00:10:10
598,Nanyamba,-10.6833,39.8333,290.05,97,0,0.46,clear sky,TZ,2022-08-21 00:10:10
599,Trincomalee,8.5711,81.2335,300.07,75,81,8.65,broken clouds,LK,2022-08-21 00:10:11
600,Nalut,30.3333,10.85,299.44,50,0,8.1,clear sky,LY,2022-08-21 00:10:12
601,San Andres,12.5847,-81.7006,301.1,80,13,4.39,few clouds,CO,2022-08-21 00:10:13
602,Santa Rosa,14.3122,121.1114,301.53,80,100,0.63,overcast clouds,PH,2022-08-21 00:11:13
603,Poltavka,54.3663,71.7632,284.85,90,74,3.18,light rain,RU,2022-08-21 00:11:14
604,Taguatinga,-12.3857,-46.5711,299.8,29,30,5.78,scattered clouds,BR,2022-08-21 00:11:15
605,Agadir,30.4202,-9.5982,296.4,34,98,2.22,overcast clouds,MA,2022-08-21 00:11:15
606,Shar,49.5886,81.0453,282.56,84,19,3.06,few clouds,KZ,2022-08-21 00:11:16
607,Altamira,-3.2033,-52.2064,301.7,54,96,1.38,overcast clouds,BR,2022-08-21 00:11:17
608,Nacala,-14.5428,40.6728,295.22,88,7,2.47,clear sky,MZ,2022-08-21 00:11:18
609,Conceicao Do Araguaia,-8.2578,-49.2647,298.66,26,32,1.15,scattered clouds,BR,2022-08-21 00:11:18
610,Dannenberg,53.0967,11.09,291.01,74,95,1.68,overcast clouds,DE,2022-08-21 00:11:19
611,Krasnoselkup,65.7,82.4667,277.55,90,5,5.64,clear sky,RU,2022-08-21 00:11:20
612,El Alto,-4.2714,-81.2147,289.71,84,85,7.45,overcast clouds,PE,2022-08-21 00:11:20
613,Hazorasp,41.3194,61.0742,289.06,23,0,6.68,clear sky,UZ,2022-08-21 00:11:21
614,Qandala,11.472,49.8728,305.18,50,67,5.02,broken clouds,SO,2022-08-21 00:11:22
615,Miraflores,19.2167,-98.8083,293.51,91,98,0.61,overcast clouds,MX,2022-08-21 00:11:22
616,Saint-Jean-De-Luz,43.3891,-1.6581,296.1,85,100,4.12,overcast clouds,FR,2022-08-21 00:11:23
617,Rawson,-43.3002,-65.1023,280.8,85,39,4.6,scattered clouds,AR,2022-08-21 00:08:33
618,Tonota,-21.4833,27.4833,284.92,21,59,3.31,broken clouds,BW,2022-08-21 00:11:24
619,Sasolburg,-26.8136,27.817,277.26,41,0,2.59,clear sky,ZA,2022-08-21 00:11:25
620,Tambacounda,13.7539,-13.7586,296.81,96,96,2.65,light rain,SN,2022-08-21 00:11:25
621,Macapa,0.0389,-51.0664,297.64,87,55,1.56,moderate rain,BR,2022-08-21 00:11:26
622,Kharan,28.5833,65.4167,303.36,43,93,0.74,overcast clouds,PK,2022-08-21 00:11:27
623,Imbituba,-28.24,-48.6703,285.42,94,10,0.89,clear sky,BR,2022-08-21 00:11:27
624,Rulenge,-2.7175,30.6325,290.92,84,62,1.36,broken clouds,TZ,2022-08-21 00:11:28
625,Bardiyah,31.7561,25.0865,299.27,85,0,6.13,clear sky,LY,2022-08-21 00:11:29
626,Salgueiro,-8.0742,-39.1192,295.08,65,90,9.55,overcast clouds,BR,2022-08-21 00:11:30
627,Makokou,0.5738,12.8642,293.37,93,16,0.91,light rain,GA,2022-08-21 00:11:31
628,Pimenta Bueno,-11.6725,-61.1936,295.49,42,22,2.27,few clouds,BR,2022-08-21 00:09:54
629,Klooga,59.3197,24.2114,291.45,87,0,2.06,clear sky,EE,2022-08-21 00:11:32
630,Moyobamba,-6.05,-76.9667,289.77,78,53,1.14,broken clouds,PE,2022-08-21 00:11:34
631,Chimoio,-19.1164,33.4833,288.87,61,0,1.19,clear sky,MZ,2022-08-21 00:11:35
632,Kathu,7.9178,98.3332,303.57,67,100,6.11,overcast clouds,TH,2022-08-21 00:11:35
633,San Carlos De Bariloche,-41.1456,-71.3082,279.27,83,100,1.67,overcast clouds,AR,2022-08-21 00:11:36
634,Rognan,67.0953,15.3878,287.62,52,97,0.3,overcast clouds,NO,2022-08-21 00:11:37
635,Tazovskiy,67.4667,78.7,278.35,86,79,3.71,broken clouds,RU,2022-08-21 00:11:37
636,Kisangani,0.5167,25.2,293.33,92,60,0.19,broken clouds,CD,2022-08-21 00:11:42
637,Dogondoutchi,13.6393,4.0287,299.16,76,95,2.43,overcast clouds,NE,2022-08-21 00:11:42
638,Carmaux,44.051,2.158,293.33,64,97,2.06,overcast clouds,FR,2022-08-21 00:11:43
639,Pimentel,-6.8367,-79.9342,290.35,82,39,6.14,scattered clouds,PE,2022-08-21 00:11:44
640,Palmas Bellas,9.2319,-80.0867,300.51,87,97,2.23,overcast clouds,PA,2022-08-21 00:11:44
641,Manicore,-5.8092,-61.3003,300.04,46,93,1.53,overcast clouds,BR,2022-08-21 00:11:45
642,Miquelon,47.0975,-56.3814,291.15,90,76,4.23,broken clouds,PM,2022-08-21 00:11:46
643,Corner Brook,48.9667,-57.9484,288.52,94,92,2.05,overcast clouds,CA,2022-08-21 00:11:46
644,Mumford,5.2618,-0.759,295.24,92,59,3.27,broken clouds,GH,2022-08-21 00:11:47
645,Portsmouth,50.799,-1.0913,290.35,88,8,2.68,clear sky,GB,2022-08-21 00:11:47
646,Tifton,31.4505,-83.5085,302.11,79,83,0.0,broken clouds,US,2022-08-21 00:09:35
647,Castel San Giovanni,45.0583,9.4335,296.2,69,0,1.59,clear sky,IT,2022-08-21 00:12:48
648,Chimore,-16.9833,-65.1333,287.41,55,0,1.21,clear sky,BO,2022-08-21 00:12:49
649,Araouane,18.9048,-3.5265,308.3,27,100,5.11,overcast clouds,ML,2022-08-21 00:12:50
650,Sterlitamak,53.6246,55.9502,287.51,89,0,2.19,clear sky,RU,2022-08-21 00:12:51
651,Mattru,7.6244,-11.8332,295.17,99,100,0.26,overcast clouds,SL,2022-08-21 00:12:51
652,Omboue,-1.5746,9.2618,295.87,89,13,1.28,few clouds,GA,2022-08-21 00:12:52
653,Chagoda,59.164,35.3285,287.1,91,100,1.66,overcast clouds,RU,2022-08-21 00:12:52
654,Florianopolis,-27.6146,-48.5012,285.76,82,31,1.29,scattered clouds,BR,2022-08-21 00:11:40
655,Gornopravdinsk,60.05,69.9,278.19,85,5,2.22,clear sky,RU,2022-08-21 00:12:54
656,Komsomolets,53.7453,62.0708,288.28,97,64,4.76,broken clouds,KZ,2022-08-21 00:12:54
657,Camopi,3.1655,-52.3158,296.78,89,99,0.61,light rain,GF,2022-08-21 00:12:55
658,Port-Cartier,50.0334,-66.8654,292.16,75,79,1.31,broken clouds,CA,2022-08-21 00:10:08
659,Huntington,38.4193,-82.4452,300.3,83,40,1.54,scattered clouds,US,2022-08-21 00:09:45
660,Jacqueville,5.2052,-4.4146,296.39,91,64,3.18,broken clouds,CI,2022-08-21 00:12:57
661,Saurimo,-9.6608,20.3916,291.05,23,44,3.01,scattered clouds,AO,2022-08-21 00:12:57
662,Sao Francisco De Assis,-29.5503,-55.1311,281.91,79,0,3.02,clear sky,BR,2022-08-21 00:09:49
663,Chakia,26.4167,85.05,300.28,80,83,6.16,broken clouds,IN,2022-08-21 00:12:58
664,Prieska,-29.6641,22.7474,280.07,46,0,2.4,clear sky,ZA,2022-08-21 00:12:59
665,Kondopoga,62.2057,34.2614,286.74,69,2,2.16,clear sky,RU,2022-08-21 00:13:00
666,Kemijarvi,66.7131,27.4306,291.22,71,56,4.88,broken clouds,FI,2022-08-21 00:13:00
667,Mizdah,31.4451,12.9801,295.76,60,0,1.81,clear sky,LY,2022-08-21 00:13:01
668,Vestmannaeyjar,63.4427,-20.2734,281.82,81,4,8.8,clear sky,IS,2022-08-21 00:13:02
669,Minab,27.1467,57.0801,304.04,67,2,1.21,clear sky,IR,2022-08-21 00:13:03
670,Manacapuru,-3.2997,-60.6206,301.16,58,95,1.86,overcast clouds,BR,2022-08-21 00:13:04
671,Rafaela,-31.2503,-61.4867,284.82,24,34,0.89,scattered clouds,AR,2022-08-21 00:10:13
672,Kjollefjord,70.9457,27.3465,293.05,83,20,7.2,few clouds,NO,2022-08-21 00:13:05
673,Darnah,32.767,22.6367,299.59,84,0,9.69,clear sky,LY,2022-08-21 00:13:05
674,Leczna,51.3012,22.8814,291.54,100,0,2.06,clear sky,PL,2022-08-21 00:13:06
675,Gibara,21.1097,-76.1317,302.77,80,18,6.77,few clouds,CU,2022-08-21 00:13:07
676,Novaya Lyalya,59.055,60.599,286.96,97,65,0.31,broken clouds,RU,2022-08-21 00:13:07
677,Huarmey,-10.0681,-78.1522,290.24,82,6,3.79,clear sky,PE,2022-08-21 00:13:08
678,Iguape,-24.7081,-47.5553,290.09,64,100,3.23,overcast clouds,BR,2022-08-21 00:13:08
679,Baghdad,33.3406,44.4009,304.1,27,0,0.51,clear sky,IQ,2022-08-21 00:12:18
680,Mandiana,10.6333,-8.6833,294.44,97,100,2.96,overcast clouds,GN,2022-08-21 00:13:12
681,Kobelyaky,49.1489,34.1965,290.56,88,29,3.41,scattered clouds,UA,2022-08-21 00:13:13
682,Roding,49.1964,12.5186,290.94,98,100,1.13,overcast clouds,DE,2022-08-21 00:13:14
683,Kangaatsiaq,68.3065,-53.4641,277.43,85,66,5.39,broken clouds,GL,2022-08-21 00:13:14
684,Kuybyshevskiy Zaton,55.1593,49.1701,288.86,67,0,2.28,clear sky,RU,2022-08-21 00:13:20
685,Luangwa,-15.6167,30.4167,292.86,39,1,1.02,clear sky,ZM,2022-08-21 00:13:20
686,Suoyarvi,62.0833,32.35,286.91,66,10,3.0,clear sky,RU,2022-08-21 00:13:21
687,Birao,10.2849,22.7882,294.47,96,100,1.98,overcast clouds,CF,2022-08-21 00:13:21
688,Valdez,1.2492,-78.9831,297.98,81,100,3.33,overcast clouds,EC,2022-08-21 00:13:22
689,Beyneu,45.3167,55.2,293.33,44,19,3.19,few clouds,KZ,2022-08-21 00:13:23
690,Saint Austell,50.3383,-4.7658,289.31,82,51,3.09,broken clouds,GB,2022-08-21 00:13:24
691,Jamtara,23.95,86.8,297.73,97,73,3.9,broken clouds,IN,2022-08-21 00:13:24
692,Palaikastron,35.2,26.25,299.38,64,0,3.79,clear sky,GR,2022-08-21 00:14:26
693,Sikasso,10.9167,-7.0,294.8,95,100,2.16,overcast clouds,ML,2022-08-21 00:13:20
694,Khash,28.2211,61.2158,296.39,17,4,0.47,clear sky,IR,2022-08-21 00:14:27
695,Samana,19.2056,-69.3369,299.27,88,89,3.95,overcast clouds,DO,2022-08-21 00:14:27
696,Bonfim,3.0833,-59.95,300.57,69,81,1.23,light rain,BR,2022-08-21 00:14:28
697,Acari,-15.4311,-74.6158,291.33,67,5,1.38,clear sky,PE,2022-08-21 00:14:29
698,Barentu,15.1139,37.5928,294.35,87,100,2.3,overcast clouds,ER,2022-08-21 00:14:30
699,Axim,4.8699,-2.2405,295.98,91,100,2.61,overcast clouds,GH,2022-08-21 00:14:31
700,Yining,29.0361,114.5636,302.96,64,99,1.1,overcast clouds,CN,2022-08-21 00:14:31
701,Lubao,14.9167,120.55,298.95,88,100,0.27,overcast clouds,PH,2022-08-21 00:14:32
702,Atlantic City,39.3643,-74.4229,298.25,77,0,3.09,clear sky,US,2022-08-21 00:12:16
